0 verbose cli C:\Program Files\nodejs\node.exe C:\Program Files\nodejs\node_modules\npm\bin\npm-cli.js
1 info using npm@11.6.2
2 info using node@v24.12.0
3 silly config load:file:C:\Program Files\nodejs\node_modules\npm\npmrc
4 silly config load:file:D:\MINI PROJECT\food-delivery-app\frontend\.npmrc
5 silly config load:file:C:\Users\jaisw\.npmrc
6 silly config load:file:C:\Users\jaisw\AppData\Roaming\npm\etc\npmrc
7 verbose title npm install vite@5.0.0 @vitejs/plugin-react@4.2.1
8 verbose argv "install" "vite@5.0.0" "@vitejs/plugin-react@4.2.1" "--save-dev" "--cache" ".\\.npm-cache"
9 verbose logfile logs-max:10 dir:D:\MINI PROJECT\food-delivery-app\frontend\.npm-cache\_logs\2026-07-04T13_26_53_460Z-
10 verbose logfile D:\MINI PROJECT\food-delivery-app\frontend\.npm-cache\_logs\2026-07-04T13_26_53_460Z-debug-0.log
11 silly logfile done cleaning log files
12 silly packumentCache heap:2348810240 maxSize:587202560 maxEntrySize:293601280
13 silly idealTree buildDeps
14 silly fetch manifest @vitejs/plugin-react@4.2.1
15 silly packumentCache full:https://registry.npmjs.org/@vitejs%2fplugin-react cache-miss
16 verbose shrinkwrap failed to load node_modules/.package-lock.json out of date, updated: node_modules
17 http fetch GET 200 https://registry.npmjs.org/@vitejs%2fplugin-react 2410ms (cache revalidated)
18 silly packumentCache full:https://registry.npmjs.org/@vitejs%2fplugin-react set size:270584 disposed:false
19 silly fetch manifest vite@5.0.0
20 silly packumentCache full:https://registry.npmjs.org/vite cache-miss
21 http fetch GET 200 https://registry.npmjs.org/vite 464ms (cache revalidated)
22 silly packumentCache full:https://registry.npmjs.org/vite set size:38896984 disposed:false
23 silly fetch manifest @types/node@^18.0.0 || >=20.0.0
24 silly packumentCache full:https://registry.npmjs.org/@types%2fnode cache-miss
25 http fetch GET 200 https://registry.npmjs.org/@types%2fnode 117ms (cache revalidated)
26 silly packumentCache full:https://registry.npmjs.org/@types%2fnode set size:11066386 disposed:false
27 silly fetch manifest less@*
28 silly packumentCache full:https://registry.npmjs.org/less cache-miss
29 http fetch GET 200 https://registry.npmjs.org/less 52ms (cache revalidated)
30 silly packumentCache full:https://registry.npmjs.org/less set size:476819 disposed:false
31 silly fetch manifest lightningcss@^1.21.0
32 silly packumentCache full:https://registry.npmjs.org/lightningcss cache-miss
33 http fetch GET 200 https://registry.npmjs.org/lightningcss 48ms (cache revalidated)
34 silly packumentCache full:https://registry.npmjs.org/lightningcss set size:186753 disposed:false
35 silly fetch manifest sass@*
36 silly packumentCache full:https://registry.npmjs.org/sass cache-miss
37 http fetch GET 200 https://registry.npmjs.org/sass 95ms (cache revalidated)
38 silly packumentCache full:https://registry.npmjs.org/sass set size:730445 disposed:false
39 silly fetch manifest stylus@*
40 silly packumentCache full:https://registry.npmjs.org/stylus cache-miss
41 http fetch GET 200 https://registry.npmjs.org/stylus 52ms (cache revalidated)
42 silly packumentCache full:https://registry.npmjs.org/stylus set size:286766 disposed:false
43 silly fetch manifest sugarss@*
44 silly packumentCache full:https://registry.npmjs.org/sugarss cache-miss
45 http fetch GET 200 https://registry.npmjs.org/sugarss 41ms (cache revalidated)
46 silly packumentCache full:https://registry.npmjs.org/sugarss set size:44975 disposed:false
47 silly fetch manifest postcss@^8.3.3
48 silly packumentCache full:https://registry.npmjs.org/postcss cache-miss
49 http fetch GET 200 https://registry.npmjs.org/postcss 44ms (cache revalidated)
50 silly packumentCache full:https://registry.npmjs.org/postcss set size:726591 disposed:false
51 silly fetch manifest terser@^5.4.0
52 silly packumentCache full:https://registry.npmjs.org/terser cache-miss
53 http fetch GET 200 https://registry.npmjs.org/terser 47ms (cache revalidated)
54 silly packumentCache full:https://registry.npmjs.org/terser set size:803566 disposed:false
55 silly placeDep ROOT @vitejs/plugin-react@4.2.1 REPLACE for: quickbite-react@1.0.0 want: 4.2.1
56 silly placeDep ROOT vite@5.0.0 OK for: @vitejs/plugin-react@4.2.1 want: ^4.2.0 || ^5.0.0
57 silly placeDep ROOT vite@5.0.0 REPLACE for: quickbite-react@1.0.0 want: 5.0.0
58 silly fetch manifest @babel/core@^7.23.5
59 silly packumentCache full:https://registry.npmjs.org/@babel%2fcore cache-miss
60 silly fetch manifest react-refresh@^0.14.0
61 silly packumentCache full:https://registry.npmjs.org/react-refresh cache-miss
62 silly fetch manifest @types/babel__core@^7.20.5
63 silly packumentCache full:https://registry.npmjs.org/@types%2fbabel__core cache-miss
64 silly fetch manifest @babel/plugin-transform-react-jsx-self@^7.23.3
65 silly packumentCache full:https://registry.npmjs.org/@babel%2fplugin-transform-react-jsx-self cache-miss
66 silly fetch manifest @babel/plugin-transform-react-jsx-source@^7.23.3
67 silly packumentCache full:https://registry.npmjs.org/@babel%2fplugin-transform-react-jsx-source cache-miss
68 silly fetch manifest rollup@^4.2.0
69 silly packumentCache full:https://registry.npmjs.org/rollup cache-miss
70 silly fetch manifest esbuild@^0.19.3
71 silly packumentCache full:https://registry.npmjs.org/esbuild cache-miss
72 http fetch GET 200 https://registry.npmjs.org/@types%2fbabel__core 350ms (cache miss)
73 silly packumentCache full:https://registry.npmjs.org/@types%2fbabel__core set size:undefined disposed:false
74 silly fetch manifest postcss@^8.4.31
75 silly packumentCache full:https://registry.npmjs.org/postcss cache-hit
76 silly fetch manifest fsevents@~2.3.3
77 silly packumentCache full:https://registry.npmjs.org/fsevents cache-miss
78 http fetch GET 200 https://registry.npmjs.org/fsevents 448ms (cache revalidated)
79 silly packumentCache full:https://registry.npmjs.org/fsevents set size:182472 disposed:false
80 silly fetch manifest rollup@^4.2.0
81 silly packumentCache full:https://registry.npmjs.org/rollup cache-miss
82 http fetch GET 200 https://registry.npmjs.org/@babel%2fcore 826ms (cache revalidated)
83 silly packumentCache full:https://registry.npmjs.org/@babel%2fcore set size:788258 disposed:false
84 silly fetch manifest esbuild@^0.19.3
85 silly packumentCache full:https://registry.npmjs.org/esbuild cache-miss
86 http fetch GET 200 https://registry.npmjs.org/esbuild 853ms (cache revalidated)
87 silly packumentCache full:https://registry.npmjs.org/esbuild set size:1259608 disposed:false
88 http fetch GET 200 https://registry.npmjs.org/@babel%2fplugin-transform-react-jsx-self 919ms (cache miss)
89 silly packumentCache full:https://registry.npmjs.org/@babel%2fplugin-transform-react-jsx-self set size:undefined disposed:false
90 http fetch GET 200 https://registry.npmjs.org/@babel%2fplugin-transform-react-jsx-source 936ms (cache miss)
91 silly packumentCache full:https://registry.npmjs.org/@babel%2fplugin-transform-react-jsx-source set size:undefined disposed:false
92 http cache https://registry.npmjs.org/esbuild 108ms (cache hit)
93 silly packumentCache full:https://registry.npmjs.org/esbuild set size:1259608 disposed:false
94 http fetch GET 200 https://registry.npmjs.org/rollup 1343ms (cache miss)
95 silly packumentCache full:https://registry.npmjs.org/rollup set size:undefined disposed:false
96 http fetch GET 200 https://registry.npmjs.org/react-refresh 1605ms (cache miss)
97 silly packumentCache full:https://registry.npmjs.org/react-refresh set size:undefined disposed:false
98 http fetch GET 200 https://registry.npmjs.org/rollup 1000ms (cache miss)
99 silly packumentCache full:https://registry.npmjs.org/rollup set size:undefined disposed:false
100 silly placeDep ROOT @babel/core@7.29.7 OK for: @vitejs/plugin-react@4.2.1 want: ^7.23.5
101 silly placeDep ROOT @babel/plugin-transform-react-jsx-self@7.29.7 OK for: @vitejs/plugin-react@4.2.1 want: ^7.23.3
102 silly placeDep ROOT @babel/plugin-transform-react-jsx-source@7.29.7 OK for: @vitejs/plugin-react@4.2.1 want: ^7.23.3
103 silly placeDep ROOT @types/babel__core@7.20.5 OK for: @vitejs/plugin-react@4.2.1 want: ^7.20.5
104 silly placeDep ROOT react-refresh@0.14.2 OK for: @vitejs/plugin-react@4.2.1 want: ^0.14.0
105 silly fetch manifest json5@^2.2.3
106 silly packumentCache full:https://registry.npmjs.org/json5 cache-miss
107 silly fetch manifest gensync@^1.0.0-beta.2
108 silly packumentCache full:https://registry.npmjs.org/gensync cache-miss
109 silly fetch manifest @babel/types@^7.29.7
110 silly packumentCache full:https://registry.npmjs.org/@babel%2ftypes cache-miss
111 silly fetch manifest @babel/parser@^7.29.7
112 silly packumentCache full:https://registry.npmjs.org/@babel%2fparser cache-miss
113 silly fetch manifest @babel/helpers@^7.29.7
114 silly packumentCache full:https://registry.npmjs.org/@babel%2fhelpers cache-miss
115 silly fetch manifest @babel/template@^7.29.7
116 silly packumentCache full:https://registry.npmjs.org/@babel%2ftemplate cache-miss
117 silly fetch manifest @babel/traverse@^7.29.7
118 silly packumentCache full:https://registry.npmjs.org/@babel%2ftraverse cache-miss
119 http fetch GET 200 https://registry.npmjs.org/gensync 111ms (cache miss)
120 silly packumentCache full:https://registry.npmjs.org/gensync set size:undefined disposed:false
121 silly fetch manifest @babel/generator@^7.29.7
122 silly packumentCache full:https://registry.npmjs.org/@babel%2fgenerator cache-miss
123 http fetch GET 200 https://registry.npmjs.org/json5 132ms (cache miss)
124 silly packumentCache full:https://registry.npmjs.org/json5 set size:undefined disposed:false
125 silly fetch manifest @babel/code-frame@^7.29.7
126 silly packumentCache full:https://registry.npmjs.org/@babel%2fcode-frame cache-miss
127 http fetch GET 200 https://registry.npmjs.org/@babel%2ftemplate 208ms (cache miss)
128 silly packumentCache full:https://registry.npmjs.org/@babel%2ftemplate set size:undefined disposed:false
129 silly fetch manifest convert-source-map@^2.0.0
130 silly packumentCache full:https://registry.npmjs.org/convert-source-map cache-miss
131 http fetch GET 200 https://registry.npmjs.org/@babel%2fhelpers 225ms (cache miss)
132 silly packumentCache full:https://registry.npmjs.org/@babel%2fhelpers set size:undefined disposed:false
133 silly fetch manifest @jridgewell/remapping@^2.3.5
134 silly packumentCache full:https://registry.npmjs.org/@jridgewell%2fremapping cache-miss
135 http fetch GET 200 https://registry.npmjs.org/@babel%2ftraverse 301ms (cache miss)
136 silly packumentCache full:https://registry.npmjs.org/@babel%2ftraverse set size:undefined disposed:false
137 silly fetch manifest @babel/helper-module-transforms@^7.29.7
138 silly packumentCache full:https://registry.npmjs.org/@babel%2fhelper-module-transforms cache-miss
139 http fetch GET 200 https://registry.npmjs.org/@jridgewell%2fremapping 87ms (cache miss)
140 silly packumentCache full:https://registry.npmjs.org/@jridgewell%2fremapping set size:undefined disposed:false
141 silly fetch manifest @babel/helper-compilation-targets@^7.29.7
142 silly packumentCache full:https://registry.npmjs.org/@babel%2fhelper-compilation-targets cache-miss
143 http fetch GET 200 https://registry.npmjs.org/convert-source-map 112ms (cache miss)
144 silly packumentCache full:https://registry.npmjs.org/convert-source-map set size:undefined disposed:false
145 silly fetch manifest @babel/helper-plugin-utils@^7.29.7
146 silly packumentCache full:https://registry.npmjs.org/@babel%2fhelper-plugin-utils cache-miss
147 http fetch GET 200 https://registry.npmjs.org/@babel%2fcode-frame 253ms (cache miss)
148 silly packumentCache full:https://registry.npmjs.org/@babel%2fcode-frame set size:undefined disposed:false
149 silly fetch manifest @babel/helper-plugin-utils@^7.29.7
150 silly packumentCache full:https://registry.npmjs.org/@babel%2fhelper-plugin-utils cache-miss
151 http fetch GET 200 https://registry.npmjs.org/@babel%2ftypes 409ms (cache miss)
152 silly packumentCache full:https://registry.npmjs.org/@babel%2ftypes set size:undefined disposed:false
153 silly fetch manifest @babel/types@^7.20.7
154 silly packumentCache full:https://registry.npmjs.org/@babel%2ftypes cache-miss
155 http cache https://registry.npmjs.org/@babel%2ftypes 84ms (cache hit)
156 silly packumentCache full:https://registry.npmjs.org/@babel%2ftypes set size:498480 disposed:false
157 silly fetch manifest @babel/parser@^7.20.7
158 silly packumentCache full:https://registry.npmjs.org/@babel%2fparser cache-miss
159 http fetch GET 200 https://registry.npmjs.org/@babel%2fhelper-module-transforms 231ms (cache miss)
160 silly packumentCache full:https://registry.npmjs.org/@babel%2fhelper-module-transforms set size:undefined disposed:false
161 silly fetch manifest @types/babel__template@*
162 silly packumentCache full:https://registry.npmjs.org/@types%2fbabel__template cache-miss
163 http fetch GET 200 https://registry.npmjs.org/@babel%2fhelper-plugin-utils 233ms (cache miss)
164 silly packumentCache full:https://registry.npmjs.org/@babel%2fhelper-plugin-utils set size:undefined disposed:false
165 silly fetch manifest @types/babel__traverse@*
166 silly packumentCache full:https://registry.npmjs.org/@types%2fbabel__traverse cache-miss
167 http fetch GET 200 https://registry.npmjs.org/@babel%2fhelper-compilation-targets 303ms (cache miss)
168 silly packumentCache full:https://registry.npmjs.org/@babel%2fhelper-compilation-targets set size:undefined disposed:false
169 silly fetch manifest @types/babel__generator@*
170 silly packumentCache full:https://registry.npmjs.org/@types%2fbabel__generator cache-miss
171 http fetch GET 200 https://registry.npmjs.org/@babel%2fgenerator 534ms (cache miss)
172 silly packumentCache full:https://registry.npmjs.org/@babel%2fgenerator set size:undefined disposed:false
173 http fetch GET 200 https://registry.npmjs.org/@babel%2fhelper-plugin-utils 288ms (cache miss)
174 silly packumentCache full:https://registry.npmjs.org/@babel%2fhelper-plugin-utils set size:undefined disposed:false
175 http fetch GET 200 https://registry.npmjs.org/@types%2fbabel__template 142ms (cache miss)
176 silly packumentCache full:https://registry.npmjs.org/@types%2fbabel__template set size:undefined disposed:false
177 http fetch GET 200 https://registry.npmjs.org/@babel%2fparser 808ms (cache miss)
178 silly packumentCache full:https://registry.npmjs.org/@babel%2fparser set size:undefined disposed:false
179 http fetch GET 200 https://registry.npmjs.org/@types%2fbabel__traverse 281ms (cache miss)
180 silly packumentCache full:https://registry.npmjs.org/@types%2fbabel__traverse set size:undefined disposed:false
181 http fetch GET 200 https://registry.npmjs.org/@types%2fbabel__generator 241ms (cache miss)
182 silly packumentCache full:https://registry.npmjs.org/@types%2fbabel__generator set size:undefined disposed:false
183 http fetch GET 200 https://registry.npmjs.org/@babel%2fparser 364ms (cache miss)
184 silly packumentCache full:https://registry.npmjs.org/@babel%2fparser set size:undefined disposed:false
185 silly fetch manifest @babel/core@^7.0.0
186 silly packumentCache full:https://registry.npmjs.org/@babel%2fcore cache-hit
187 silly placeDep ROOT @babel/code-frame@7.29.7 OK for: @babel/core@7.29.7 want: ^7.29.7
188 silly placeDep ROOT @babel/generator@7.29.7 OK for: @babel/core@7.29.7 want: ^7.29.7
189 silly placeDep ROOT @babel/helper-compilation-targets@7.29.7 OK for: @babel/core@7.29.7 want: ^7.29.7
190 silly placeDep ROOT @babel/helper-module-transforms@7.29.7 OK for: @babel/core@7.29.7 want: ^7.29.7
191 silly placeDep ROOT @babel/helpers@7.29.7 OK for: @babel/core@7.29.7 want: ^7.29.7
192 silly placeDep ROOT @babel/parser@7.29.7 OK for: @babel/core@7.29.7 want: ^7.29.7
193 silly placeDep ROOT @babel/template@7.29.7 OK for: @babel/core@7.29.7 want: ^7.29.7
194 silly placeDep ROOT @babel/traverse@7.29.7 OK for: @babel/core@7.29.7 want: ^7.29.7
195 silly placeDep ROOT @babel/types@7.29.7 OK for: @babel/core@7.29.7 want: ^7.29.7
196 silly placeDep ROOT @jridgewell/remapping@2.3.5 OK for: @babel/core@7.29.7 want: ^2.3.5
197 silly placeDep ROOT convert-source-map@2.0.0 OK for: @babel/core@7.29.7 want: ^2.0.0
198 silly placeDep ROOT gensync@1.0.0-beta.2 OK for: @babel/core@7.29.7 want: ^1.0.0-beta.2
199 silly placeDep ROOT json5@2.2.3 OK for: @babel/core@7.29.7 want: ^2.2.3
200 silly fetch manifest picocolors@^1.1.1
201 silly packumentCache full:https://registry.npmjs.org/picocolors cache-miss
202 silly fetch manifest @babel/helper-validator-identifier@^7.29.7
203 silly packumentCache full:https://registry.npmjs.org/@babel%2fhelper-validator-identifier cache-miss
204 silly fetch manifest jsesc@^3.0.2
205 silly packumentCache full:https://registry.npmjs.org/jsesc cache-miss
206 silly fetch manifest @jridgewell/gen-mapping@^0.3.12
207 silly packumentCache full:https://registry.npmjs.org/@jridgewell%2fgen-mapping cache-miss
208 silly fetch manifest @jridgewell/trace-mapping@^0.3.28
209 silly packumentCache full:https://registry.npmjs.org/@jridgewell%2ftrace-mapping cache-miss
210 silly fetch manifest lru-cache@^5.1.1
211 silly packumentCache full:https://registry.npmjs.org/lru-cache cache-miss
212 silly fetch manifest browserslist@^4.24.0
213 silly packumentCache full:https://registry.npmjs.org/browserslist cache-miss
214 http fetch GET 200 https://registry.npmjs.org/jsesc 69ms (cache miss)
215 silly packumentCache full:https://registry.npmjs.org/jsesc set size:undefined disposed:false
216 silly fetch manifest @babel/compat-data@^7.29.7
217 silly packumentCache full:https://registry.npmjs.org/@babel%2fcompat-data cache-miss
218 http fetch GET 200 https://registry.npmjs.org/picocolors 111ms (cache revalidated)
219 silly packumentCache full:https://registry.npmjs.org/picocolors set size:16648 disposed:false
220 silly fetch manifest @babel/helper-validator-option@^7.29.7
221 silly packumentCache full:https://registry.npmjs.org/@babel%2fhelper-validator-option cache-miss
222 http fetch GET 200 https://registry.npmjs.org/@jridgewell%2fgen-mapping 143ms (cache miss)
223 silly packumentCache full:https://registry.npmjs.org/@jridgewell%2fgen-mapping set size:undefined disposed:false
224 silly fetch manifest @babel/helper-module-imports@^7.29.7
225 silly packumentCache full:https://registry.npmjs.org/@babel%2fhelper-module-imports cache-miss
226 http fetch GET 200 https://registry.npmjs.org/@babel%2fhelper-validator-identifier 165ms (cache miss)
227 silly packumentCache full:https://registry.npmjs.org/@babel%2fhelper-validator-identifier set size:undefined disposed:false
228 silly fetch manifest @babel/helper-globals@^7.29.7
229 silly packumentCache full:https://registry.npmjs.org/@babel%2fhelper-globals cache-miss
230 http fetch GET 200 https://registry.npmjs.org/@jridgewell%2ftrace-mapping 182ms (cache miss)
231 silly packumentCache full:https://registry.npmjs.org/@jridgewell%2ftrace-mapping set size:undefined disposed:false
232 silly fetch manifest @babel/helper-string-parser@^7.29.7
233 silly packumentCache full:https://registry.npmjs.org/@babel%2fhelper-string-parser cache-miss
234 http fetch GET 200 https://registry.npmjs.org/@babel%2fhelper-validator-option 116ms (cache miss)
235 silly packumentCache full:https://registry.npmjs.org/@babel%2fhelper-validator-option set size:undefined disposed:false
236 silly fetch manifest @jridgewell/gen-mapping@^0.3.5
237 silly packumentCache full:https://registry.npmjs.org/@jridgewell%2fgen-mapping cache-miss
238 http fetch GET 200 https://registry.npmjs.org/browserslist 233ms (cache miss)
239 silly packumentCache full:https://registry.npmjs.org/browserslist set size:undefined disposed:false
240 silly fetch manifest @jridgewell/trace-mapping@^0.3.24
241 silly packumentCache full:https://registry.npmjs.org/@jridgewell%2ftrace-mapping cache-miss
242 http fetch GET 200 https://registry.npmjs.org/@babel%2fcompat-data 202ms (cache miss)
243 silly packumentCache full:https://registry.npmjs.org/@babel%2fcompat-data set size:undefined disposed:false
244 http fetch GET 200 https://registry.npmjs.org/@babel%2fhelper-globals 122ms (cache miss)
245 silly packumentCache full:https://registry.npmjs.org/@babel%2fhelper-globals set size:undefined disposed:false
246 http fetch GET 200 https://registry.npmjs.org/@babel%2fhelper-module-imports 149ms (cache miss)
247 silly packumentCache full:https://registry.npmjs.org/@babel%2fhelper-module-imports set size:undefined disposed:false
248 http cache https://registry.npmjs.org/@jridgewell%2fgen-mapping 75ms (cache hit)
249 silly packumentCache full:https://registry.npmjs.org/@jridgewell%2fgen-mapping set size:75941 disposed:false
250 http cache https://registry.npmjs.org/@jridgewell%2ftrace-mapping 54ms (cache hit)
251 silly packumentCache full:https://registry.npmjs.org/@jridgewell%2ftrace-mapping set size:170909 disposed:false
252 http fetch GET 200 https://registry.npmjs.org/@babel%2fhelper-string-parser 133ms (cache miss)
253 silly packumentCache full:https://registry.npmjs.org/@babel%2fhelper-string-parser set size:undefined disposed:false
254 http fetch GET 200 https://registry.npmjs.org/lru-cache 332ms (cache miss)
255 silly packumentCache full:https://registry.npmjs.org/lru-cache set size:undefined disposed:false
256 silly placeDep ROOT @babel/helper-validator-identifier@7.29.7 OK for: @babel/code-frame@7.29.7 want: ^7.29.7
257 silly placeDep ROOT picocolors@1.1.1 OK for: @babel/code-frame@7.29.7 want: ^1.1.1
258 silly placeDep ROOT @jridgewell/gen-mapping@0.3.13 OK for: @babel/generator@7.29.7 want: ^0.3.12
259 silly placeDep ROOT @jridgewell/trace-mapping@0.3.31 OK for: @babel/generator@7.29.7 want: ^0.3.28
260 silly placeDep ROOT jsesc@3.1.0 OK for: @babel/generator@7.29.7 want: ^3.0.2
261 silly fetch manifest @jridgewell/sourcemap-codec@^1.5.0
262 silly packumentCache full:https://registry.npmjs.org/@jridgewell%2fsourcemap-codec cache-miss
263 silly fetch manifest @jridgewell/resolve-uri@^3.1.0
264 silly packumentCache full:https://registry.npmjs.org/@jridgewell%2fresolve-uri cache-miss
265 silly fetch manifest @jridgewell/sourcemap-codec@^1.4.14
266 silly packumentCache full:https://registry.npmjs.org/@jridgewell%2fsourcemap-codec cache-miss
267 http fetch GET 200 https://registry.npmjs.org/@jridgewell%2fresolve-uri 107ms (cache miss)
268 silly packumentCache full:https://registry.npmjs.org/@jridgewell%2fresolve-uri set size:undefined disposed:false
269 http fetch GET 200 https://registry.npmjs.org/@jridgewell%2fsourcemap-codec 114ms (cache miss)
270 silly packumentCache full:https://registry.npmjs.org/@jridgewell%2fsourcemap-codec set size:undefined disposed:false
271 http fetch GET 200 https://registry.npmjs.org/@jridgewell%2fsourcemap-codec 122ms (cache miss)
272 silly packumentCache full:https://registry.npmjs.org/@jridgewell%2fsourcemap-codec set size:undefined disposed:false
273 silly placeDep ROOT @babel/compat-data@7.29.7 OK for: @babel/helper-compilation-targets@7.29.7 want: ^7.29.7
274 silly placeDep ROOT @babel/helper-validator-option@7.29.7 OK for: @babel/helper-compilation-targets@7.29.7 want: ^7.29.7
275 silly placeDep ROOT browserslist@4.28.4 OK for: @babel/helper-compilation-targets@7.29.7 want: ^4.24.0
276 silly placeDep ROOT lru-cache@5.1.1 OK for: @babel/helper-compilation-targets@7.29.7 want: ^5.1.1
277 silly fetch manifest caniuse-lite@^1.0.30001799
278 silly packumentCache full:https://registry.npmjs.org/caniuse-lite cache-miss
279 silly fetch manifest node-releases@^2.0.48
280 silly packumentCache full:https://registry.npmjs.org/node-releases cache-miss
281 silly fetch manifest electron-to-chromium@^1.5.376
282 silly packumentCache full:https://registry.npmjs.org/electron-to-chromium cache-miss
283 silly fetch manifest update-browserslist-db@^1.2.3
284 silly packumentCache full:https://registry.npmjs.org/update-browserslist-db cache-miss
285 silly fetch manifest baseline-browser-mapping@^2.10.38
286 silly packumentCache full:https://registry.npmjs.org/baseline-browser-mapping cache-miss
287 silly fetch manifest yallist@^3.0.2
288 silly packumentCache full:https://registry.npmjs.org/yallist cache-miss
289 http fetch GET 200 https://registry.npmjs.org/yallist 81ms (cache miss)
290 silly packumentCache full:https://registry.npmjs.org/yallist set size:undefined disposed:false
291 http fetch GET 200 https://registry.npmjs.org/update-browserslist-db 129ms (cache miss)
292 silly packumentCache full:https://registry.npmjs.org/update-browserslist-db set size:undefined disposed:false
293 http fetch GET 200 https://registry.npmjs.org/baseline-browser-mapping 155ms (cache miss)
294 silly packumentCache full:https://registry.npmjs.org/baseline-browser-mapping set size:undefined disposed:false
295 http fetch GET 200 https://registry.npmjs.org/node-releases 197ms (cache miss)
296 silly packumentCache full:https://registry.npmjs.org/node-releases set size:undefined disposed:false
297 http fetch GET 200 https://registry.npmjs.org/caniuse-lite 383ms (cache miss)
298 silly packumentCache full:https://registry.npmjs.org/caniuse-lite set size:undefined disposed:false
299 http fetch GET 200 https://registry.npmjs.org/electron-to-chromium 766ms (cache miss)
300 silly packumentCache full:https://registry.npmjs.org/electron-to-chromium set size:undefined disposed:false
301 silly placeDep ROOT @babel/helper-module-imports@7.29.7 OK for: @babel/helper-module-transforms@7.29.7 want: ^7.29.7
302 silly placeDep ROOT @babel/helper-plugin-utils@7.29.7 OK for: @babel/plugin-transform-react-jsx-self@7.29.7 want: ^7.29.7
303 silly placeDep ROOT @babel/helper-globals@7.29.7 OK for: @babel/traverse@7.29.7 want: ^7.29.7
304 silly placeDep ROOT @babel/helper-string-parser@7.29.7 OK for: @babel/types@7.29.7 want: ^7.29.7
305 silly placeDep ROOT @jridgewell/sourcemap-codec@1.5.5 OK for: @jridgewell/gen-mapping@0.3.13 want: ^1.5.0
306 silly placeDep ROOT @jridgewell/resolve-uri@3.1.2 OK for: @jridgewell/trace-mapping@0.3.31 want: ^3.1.0
307 silly placeDep ROOT @types/babel__generator@7.27.0 OK for: @types/babel__core@7.20.5 want: *
308 silly placeDep ROOT @types/babel__template@7.4.4 OK for: @types/babel__core@7.20.5 want: *
309 silly placeDep ROOT @types/babel__traverse@7.28.0 OK for: @types/babel__core@7.20.5 want: *
310 silly fetch manifest browserslist@>= 4.21.0
311 silly packumentCache full:https://registry.npmjs.org/browserslist cache-miss
312 http cache https://registry.npmjs.org/browserslist 33ms (cache hit)
313 silly packumentCache full:https://registry.npmjs.org/browserslist set size:509301 disposed:false
314 silly placeDep ROOT baseline-browser-mapping@2.10.41 OK for: browserslist@4.28.4 want: ^2.10.38
315 silly placeDep ROOT caniuse-lite@1.0.30001800 OK for: browserslist@4.28.4 want: ^1.0.30001799
316 silly placeDep ROOT electron-to-chromium@1.5.387 OK for: browserslist@4.28.4 want: ^1.5.376
317 silly placeDep ROOT node-releases@2.0.50 OK for: browserslist@4.28.4 want: ^2.0.48
318 silly placeDep ROOT update-browserslist-db@1.2.3 OK for: browserslist@4.28.4 want: ^1.2.3
319 silly placeDep ROOT yallist@3.1.1 OK for: lru-cache@5.1.1 want: ^3.0.2
320 silly placeDep ROOT esbuild@0.19.12 OK for: vite@5.0.0 want: ^0.19.3
321 silly placeDep ROOT fsevents@2.3.3 OK for: vite@5.0.0 want: ~2.3.3
322 silly placeDep ROOT postcss@8.5.16 OK for: vite@5.0.0 want: ^8.4.31
323 silly placeDep ROOT rollup@4.62.2 OK for: vite@5.0.0 want: ^4.2.0
324 silly fetch manifest @esbuild/aix-ppc64@0.19.12
325 silly packumentCache full:https://registry.npmjs.org/@esbuild%2faix-ppc64 cache-miss
326 silly fetch manifest @esbuild/linux-arm@0.19.12
327 silly packumentCache full:https://registry.npmjs.org/@esbuild%2flinux-arm cache-miss
328 silly fetch manifest @esbuild/linux-x64@0.19.12
329 silly packumentCache full:https://registry.npmjs.org/@esbuild%2flinux-x64 cache-miss
330 silly fetch manifest @esbuild/sunos-x64@0.19.12
331 silly packumentCache full:https://registry.npmjs.org/@esbuild%2fsunos-x64 cache-miss
332 silly fetch manifest @esbuild/win32-x64@0.19.12
333 silly packumentCache full:https://registry.npmjs.org/@esbuild%2fwin32-x64 cache-miss
334 silly fetch manifest @esbuild/darwin-x64@0.19.12
335 silly packumentCache full:https://registry.npmjs.org/@esbuild%2fdarwin-x64 cache-miss
336 silly fetch manifest @esbuild/linux-ia32@0.19.12
337 silly packumentCache full:https://registry.npmjs.org/@esbuild%2flinux-ia32 cache-miss
338 http fetch GET 200 https://registry.npmjs.org/@esbuild%2faix-ppc64 171ms (cache miss)
339 silly packumentCache full:https://registry.npmjs.org/@esbuild%2faix-ppc64 set size:undefined disposed:false
340 silly fetch manifest @esbuild/netbsd-x64@0.19.12
341 silly packumentCache full:https://registry.npmjs.org/@esbuild%2fnetbsd-x64 cache-miss
342 http fetch GET 200 https://registry.npmjs.org/@esbuild%2flinux-arm 182ms (cache miss)
343 silly packumentCache full:https://registry.npmjs.org/@esbuild%2flinux-arm set size:undefined disposed:false
344 silly fetch manifest @esbuild/win32-ia32@0.19.12
345 silly packumentCache full:https://registry.npmjs.org/@esbuild%2fwin32-ia32 cache-miss
346 http fetch GET 200 https://registry.npmjs.org/@esbuild%2fsunos-x64 202ms (cache miss)
347 silly packumentCache full:https://registry.npmjs.org/@esbuild%2fsunos-x64 set size:undefined disposed:false
348 silly fetch manifest @esbuild/android-arm@0.19.12
349 silly packumentCache full:https://registry.npmjs.org/@esbuild%2fandroid-arm cache-miss
350 http fetch GET 200 https://registry.npmjs.org/@esbuild%2fdarwin-x64 208ms (cache miss)
351 silly packumentCache full:https://registry.npmjs.org/@esbuild%2fdarwin-x64 set size:undefined disposed:false
352 silly fetch manifest @esbuild/android-x64@0.19.12
353 silly packumentCache full:https://registry.npmjs.org/@esbuild%2fandroid-x64 cache-miss
354 http fetch GET 200 https://registry.npmjs.org/@esbuild%2fwin32-x64 224ms (cache miss)
355 silly packumentCache full:https://registry.npmjs.org/@esbuild%2fwin32-x64 set size:undefined disposed:false
356 silly fetch manifest @esbuild/freebsd-x64@0.19.12
357 silly packumentCache full:https://registry.npmjs.org/@esbuild%2ffreebsd-x64 cache-miss
358 http fetch GET 200 https://registry.npmjs.org/@esbuild%2flinux-ia32 237ms (cache miss)
359 silly packumentCache full:https://registry.npmjs.org/@esbuild%2flinux-ia32 set size:undefined disposed:false
360 silly fetch manifest @esbuild/linux-arm64@0.19.12
361 silly packumentCache full:https://registry.npmjs.org/@esbuild%2flinux-arm64 cache-miss
362 http fetch GET 200 https://registry.npmjs.org/@esbuild%2flinux-x64 266ms (cache miss)
363 silly packumentCache full:https://registry.npmjs.org/@esbuild%2flinux-x64 set size:undefined disposed:false
364 silly fetch manifest @esbuild/linux-ppc64@0.19.12
365 silly packumentCache full:https://registry.npmjs.org/@esbuild%2flinux-ppc64 cache-miss
366 http fetch GET 200 https://registry.npmjs.org/@esbuild%2fnetbsd-x64 138ms (cache miss)
367 silly packumentCache full:https://registry.npmjs.org/@esbuild%2fnetbsd-x64 set size:undefined disposed:false
368 silly fetch manifest @esbuild/linux-s390x@0.19.12
369 silly packumentCache full:https://registry.npmjs.org/@esbuild%2flinux-s390x cache-miss
370 http fetch GET 200 https://registry.npmjs.org/@esbuild%2fwin32-ia32 137ms (cache miss)
371 silly packumentCache full:https://registry.npmjs.org/@esbuild%2fwin32-ia32 set size:undefined disposed:false
372 silly fetch manifest @esbuild/openbsd-x64@0.19.12
373 silly packumentCache full:https://registry.npmjs.org/@esbuild%2fopenbsd-x64 cache-miss
374 http fetch GET 200 https://registry.npmjs.org/@esbuild%2fandroid-arm 164ms (cache miss)
375 silly packumentCache full:https://registry.npmjs.org/@esbuild%2fandroid-arm set size:undefined disposed:false
376 silly fetch manifest @esbuild/win32-arm64@0.19.12
377 silly packumentCache full:https://registry.npmjs.org/@esbuild%2fwin32-arm64 cache-miss
378 http fetch GET 200 https://registry.npmjs.org/@esbuild%2fandroid-x64 206ms (cache miss)
379 silly packumentCache full:https://registry.npmjs.org/@esbuild%2fandroid-x64 set size:undefined disposed:false
380 silly fetch manifest @esbuild/darwin-arm64@0.19.12
381 silly packumentCache full:https://registry.npmjs.org/@esbuild%2fdarwin-arm64 cache-miss
382 http fetch GET 200 https://registry.npmjs.org/@esbuild%2ffreebsd-x64 220ms (cache miss)
383 silly packumentCache full:https://registry.npmjs.org/@esbuild%2ffreebsd-x64 set size:undefined disposed:false
384 silly fetch manifest @esbuild/android-arm64@0.19.12
385 silly packumentCache full:https://registry.npmjs.org/@esbuild%2fandroid-arm64 cache-miss
386 http fetch GET 200 https://registry.npmjs.org/@esbuild%2flinux-arm64 231ms (cache miss)
387 silly packumentCache full:https://registry.npmjs.org/@esbuild%2flinux-arm64 set size:undefined disposed:false
388 silly fetch manifest @esbuild/freebsd-arm64@0.19.12
389 silly packumentCache full:https://registry.npmjs.org/@esbuild%2ffreebsd-arm64 cache-miss
390 http fetch GET 200 https://registry.npmjs.org/@esbuild%2flinux-ppc64 297ms (cache miss)
391 silly packumentCache full:https://registry.npmjs.org/@esbuild%2flinux-ppc64 set size:undefined disposed:false
392 silly fetch manifest @esbuild/linux-loong64@0.19.12
393 silly packumentCache full:https://registry.npmjs.org/@esbuild%2flinux-loong64 cache-miss
394 http fetch GET 200 https://registry.npmjs.org/@esbuild%2flinux-s390x 265ms (cache miss)
395 silly packumentCache full:https://registry.npmjs.org/@esbuild%2flinux-s390x set size:undefined disposed:false
396 silly fetch manifest @esbuild/linux-riscv64@0.19.12
397 silly packumentCache full:https://registry.npmjs.org/@esbuild%2flinux-riscv64 cache-miss
398 http fetch GET 200 https://registry.npmjs.org/@esbuild%2fopenbsd-x64 261ms (cache miss)
399 silly packumentCache full:https://registry.npmjs.org/@esbuild%2fopenbsd-x64 set size:undefined disposed:false
400 silly fetch manifest @esbuild/linux-mips64el@0.19.12
401 silly packumentCache full:https://registry.npmjs.org/@esbuild%2flinux-mips64el cache-miss
402 http fetch GET 200 https://registry.npmjs.org/@esbuild%2fwin32-arm64 234ms (cache miss)
403 silly packumentCache full:https://registry.npmjs.org/@esbuild%2fwin32-arm64 set size:undefined disposed:false
404 silly fetch manifest nanoid@^3.3.12
405 silly packumentCache full:https://registry.npmjs.org/nanoid cache-miss
406 http fetch GET 200 https://registry.npmjs.org/nanoid 206ms (cache revalidated)
407 silly packumentCache full:https://registry.npmjs.org/nanoid set size:330515 disposed:false
408 silly fetch manifest source-map-js@^1.2.1
409 silly packumentCache full:https://registry.npmjs.org/source-map-js cache-miss
410 http fetch GET 200 https://registry.npmjs.org/@esbuild%2flinux-loong64 338ms (cache miss)
411 silly packumentCache full:https://registry.npmjs.org/@esbuild%2flinux-loong64 set size:undefined disposed:false
412 silly fetch manifest @types/estree@1.0.9
413 silly packumentCache full:https://registry.npmjs.org/@types%2festree cache-miss
414 http fetch GET 200 https://registry.npmjs.org/@esbuild%2fdarwin-arm64 567ms (cache miss)
415 silly packumentCache full:https://registry.npmjs.org/@esbuild%2fdarwin-arm64 set size:undefined disposed:false
416 silly fetch manifest @rollup/rollup-darwin-arm64@4.62.2
417 silly packumentCache full:https://registry.npmjs.org/@rollup%2frollup-darwin-arm64 cache-miss
418 http fetch GET 200 https://registry.npmjs.org/@esbuild%2flinux-riscv64 418ms (cache miss)
419 silly packumentCache full:https://registry.npmjs.org/@esbuild%2flinux-riscv64 set size:undefined disposed:false
420 silly fetch manifest @rollup/rollup-android-arm64@4.62.2
421 silly packumentCache full:https://registry.npmjs.org/@rollup%2frollup-android-arm64 cache-miss
422 http fetch GET 200 https://registry.npmjs.org/@esbuild%2ffreebsd-arm64 536ms (cache miss)
423 silly packumentCache full:https://registry.npmjs.org/@esbuild%2ffreebsd-arm64 set size:undefined disposed:false
424 silly fetch manifest @rollup/rollup-win32-arm64-msvc@4.62.2
425 silly packumentCache full:https://registry.npmjs.org/@rollup%2frollup-win32-arm64-msvc cache-miss
426 http fetch GET 200 https://registry.npmjs.org/@esbuild%2fandroid-arm64 572ms (cache miss)
427 silly packumentCache full:https://registry.npmjs.org/@esbuild%2fandroid-arm64 set size:undefined disposed:false
428 silly fetch manifest @rollup/rollup-freebsd-arm64@4.62.2
429 silly packumentCache full:https://registry.npmjs.org/@rollup%2frollup-freebsd-arm64 cache-miss
430 http fetch GET 200 https://registry.npmjs.org/@types%2festree 137ms (cache miss)
431 silly packumentCache full:https://registry.npmjs.org/@types%2festree set size:undefined disposed:false
432 silly fetch manifest @rollup/rollup-linux-arm64-gnu@4.62.2
433 silly packumentCache full:https://registry.npmjs.org/@rollup%2frollup-linux-arm64-gnu cache-miss
434 http fetch GET 200 https://registry.npmjs.org/@esbuild%2flinux-mips64el 465ms (cache miss)
435 silly packumentCache full:https://registry.npmjs.org/@esbuild%2flinux-mips64el set size:undefined disposed:false
436 silly fetch manifest @rollup/rollup-linux-arm64-musl@4.62.2
437 silly packumentCache full:https://registry.npmjs.org/@rollup%2frollup-linux-arm64-musl cache-miss
438 http fetch GET 200 https://registry.npmjs.org/@rollup%2frollup-darwin-arm64 98ms (cache miss)
439 silly packumentCache full:https://registry.npmjs.org/@rollup%2frollup-darwin-arm64 set size:undefined disposed:false
440 silly fetch manifest @rollup/rollup-android-arm-eabi@4.62.2
441 silly packumentCache full:https://registry.npmjs.org/@rollup%2frollup-android-arm-eabi cache-miss
442 http fetch GET 200 https://registry.npmjs.org/@rollup%2frollup-freebsd-arm64 90ms (cache miss)
443 silly packumentCache full:https://registry.npmjs.org/@rollup%2frollup-freebsd-arm64 set size:undefined disposed:false
444 silly fetch manifest @rollup/rollup-linux-arm-gnueabihf@4.62.2
445 silly packumentCache full:https://registry.npmjs.org/@rollup%2frollup-linux-arm-gnueabihf cache-miss
446 http fetch GET 200 https://registry.npmjs.org/@rollup%2frollup-linux-arm64-musl 104ms (cache miss)
447 silly packumentCache full:https://registry.npmjs.org/@rollup%2frollup-linux-arm64-musl set size:undefined disposed:false
448 silly fetch manifest @rollup/rollup-linux-arm-musleabihf@4.62.2
449 silly packumentCache full:https://registry.npmjs.org/@rollup%2frollup-linux-arm-musleabihf cache-miss
450 http fetch GET 200 https://registry.npmjs.org/source-map-js 356ms (cache revalidated)
451 silly packumentCache full:https://registry.npmjs.org/source-map-js set size:62640 disposed:false
452 silly fetch manifest @rollup/rollup-win32-ia32-msvc@4.62.2
453 silly packumentCache full:https://registry.npmjs.org/@rollup%2frollup-win32-ia32-msvc cache-miss
454 http fetch GET 200 https://registry.npmjs.org/@rollup%2frollup-android-arm-eabi 136ms (cache miss)
455 silly packumentCache full:https://registry.npmjs.org/@rollup%2frollup-android-arm-eabi set size:undefined disposed:false
456 silly fetch manifest @rollup/rollup-linux-loong64-gnu@4.62.2
457 silly packumentCache full:https://registry.npmjs.org/@rollup%2frollup-linux-loong64-gnu cache-miss
458 http fetch GET 200 https://registry.npmjs.org/@rollup%2frollup-linux-arm64-gnu 240ms (cache miss)
459 silly packumentCache full:https://registry.npmjs.org/@rollup%2frollup-linux-arm64-gnu set size:undefined disposed:false
460 silly fetch manifest @rollup/rollup-linux-loong64-musl@4.62.2
461 silly packumentCache full:https://registry.npmjs.org/@rollup%2frollup-linux-loong64-musl cache-miss
462 http fetch GET 200 https://registry.npmjs.org/@rollup%2frollup-linux-arm-gnueabihf 176ms (cache miss)
463 silly packumentCache full:https://registry.npmjs.org/@rollup%2frollup-linux-arm-gnueabihf set size:undefined disposed:false
464 silly fetch manifest @rollup/rollup-linux-riscv64-gnu@4.62.2
465 silly packumentCache full:https://registry.npmjs.org/@rollup%2frollup-linux-riscv64-gnu cache-miss
466 http fetch GET 200 https://registry.npmjs.org/@rollup%2frollup-linux-arm-musleabihf 149ms (cache miss)
467 silly packumentCache full:https://registry.npmjs.org/@rollup%2frollup-linux-arm-musleabihf set size:undefined disposed:false
468 silly fetch manifest @rollup/rollup-linux-riscv64-musl@4.62.2
469 silly packumentCache full:https://registry.npmjs.org/@rollup%2frollup-linux-riscv64-musl cache-miss
470 http fetch GET 200 https://registry.npmjs.org/@rollup%2frollup-linux-loong64-gnu 105ms (cache miss)
471 silly packumentCache full:https://registry.npmjs.org/@rollup%2frollup-linux-loong64-gnu set size:undefined disposed:false
472 silly fetch manifest @rollup/rollup-linux-ppc64-gnu@4.62.2
473 silly packumentCache full:https://registry.npmjs.org/@rollup%2frollup-linux-ppc64-gnu cache-miss
474 http fetch GET 200 https://registry.npmjs.org/@rollup%2frollup-win32-arm64-msvc 346ms (cache miss)
475 silly packumentCache full:https://registry.npmjs.org/@rollup%2frollup-win32-arm64-msvc set size:undefined disposed:false
476 silly fetch manifest @rollup/rollup-linux-ppc64-musl@4.62.2
477 silly packumentCache full:https://registry.npmjs.org/@rollup%2frollup-linux-ppc64-musl cache-miss
478 http fetch GET 200 https://registry.npmjs.org/@rollup%2frollup-win32-ia32-msvc 179ms (cache miss)
479 silly packumentCache full:https://registry.npmjs.org/@rollup%2frollup-win32-ia32-msvc set size:undefined disposed:false
480 silly fetch manifest @rollup/rollup-linux-s390x-gnu@4.62.2
481 silly packumentCache full:https://registry.npmjs.org/@rollup%2frollup-linux-s390x-gnu cache-miss
482 http fetch GET 200 https://registry.npmjs.org/@rollup%2frollup-linux-loong64-musl 87ms (cache miss)
483 silly packumentCache full:https://registry.npmjs.org/@rollup%2frollup-linux-loong64-musl set size:undefined disposed:false
484 silly fetch manifest @rollup/rollup-darwin-x64@4.62.2
485 silly packumentCache full:https://registry.npmjs.org/@rollup%2frollup-darwin-x64 cache-miss
486 http fetch GET 200 https://registry.npmjs.org/@rollup%2frollup-linux-riscv64-musl 95ms (cache miss)
487 silly packumentCache full:https://registry.npmjs.org/@rollup%2frollup-linux-riscv64-musl set size:undefined disposed:false
488 silly fetch manifest @rollup/rollup-win32-x64-gnu@4.62.2
489 silly packumentCache full:https://registry.npmjs.org/@rollup%2frollup-win32-x64-gnu cache-miss
490 http fetch GET 200 https://registry.npmjs.org/@rollup%2frollup-linux-ppc64-musl 129ms (cache miss)
491 silly packumentCache full:https://registry.npmjs.org/@rollup%2frollup-linux-ppc64-musl set size:undefined disposed:false
492 silly fetch manifest @rollup/rollup-win32-x64-msvc@4.62.2
493 silly packumentCache full:https://registry.npmjs.org/@rollup%2frollup-win32-x64-msvc cache-miss
494 http fetch GET 200 https://registry.npmjs.org/@rollup%2frollup-linux-ppc64-gnu 186ms (cache miss)
495 silly packumentCache full:https://registry.npmjs.org/@rollup%2frollup-linux-ppc64-gnu set size:undefined disposed:false
496 silly fetch manifest @rollup/rollup-freebsd-x64@4.62.2
497 silly packumentCache full:https://registry.npmjs.org/@rollup%2frollup-freebsd-x64 cache-miss
498 http fetch GET 200 https://registry.npmjs.org/@rollup%2frollup-linux-s390x-gnu 174ms (cache miss)
499 silly packumentCache full:https://registry.npmjs.org/@rollup%2frollup-linux-s390x-gnu set size:undefined disposed:false
500 silly fetch manifest @rollup/rollup-linux-x64-gnu@4.62.2
501 silly packumentCache full:https://registry.npmjs.org/@rollup%2frollup-linux-x64-gnu cache-miss
502 http fetch GET 200 https://registry.npmjs.org/@rollup%2frollup-win32-x64-gnu 182ms (cache miss)
503 silly packumentCache full:https://registry.npmjs.org/@rollup%2frollup-win32-x64-gnu set size:undefined disposed:false
504 silly fetch manifest @rollup/rollup-linux-x64-musl@4.62.2
505 silly packumentCache full:https://registry.npmjs.org/@rollup%2frollup-linux-x64-musl cache-miss
506 http fetch GET 200 https://registry.npmjs.org/@rollup%2frollup-darwin-x64 233ms (cache miss)
507 silly packumentCache full:https://registry.npmjs.org/@rollup%2frollup-darwin-x64 set size:undefined disposed:false
508 silly fetch manifest @rollup/rollup-openbsd-x64@4.62.2
509 silly packumentCache full:https://registry.npmjs.org/@rollup%2frollup-openbsd-x64 cache-miss
510 http fetch GET 200 https://registry.npmjs.org/@rollup%2frollup-android-arm64 653ms (cache miss)
511 silly packumentCache full:https://registry.npmjs.org/@rollup%2frollup-android-arm64 set size:undefined disposed:false
512 silly fetch manifest @rollup/rollup-openharmony-arm64@4.62.2
513 silly packumentCache full:https://registry.npmjs.org/@rollup%2frollup-openharmony-arm64 cache-miss
514 http fetch GET 200 https://registry.npmjs.org/@rollup%2frollup-win32-x64-msvc 172ms (cache miss)
515 silly packumentCache full:https://registry.npmjs.org/@rollup%2frollup-win32-x64-msvc set size:undefined disposed:false
516 http fetch GET 200 https://registry.npmjs.org/@rollup%2frollup-openbsd-x64 107ms (cache miss)
517 silly packumentCache full:https://registry.npmjs.org/@rollup%2frollup-openbsd-x64 set size:undefined disposed:false
518 http fetch GET 200 https://registry.npmjs.org/@rollup%2frollup-linux-riscv64-gnu 450ms (cache miss)
519 silly packumentCache full:https://registry.npmjs.org/@rollup%2frollup-linux-riscv64-gnu set size:undefined disposed:false
520 http fetch GET 200 https://registry.npmjs.org/@rollup%2frollup-linux-x64-musl 157ms (cache miss)
521 silly packumentCache full:https://registry.npmjs.org/@rollup%2frollup-linux-x64-musl set size:undefined disposed:false
522 http fetch GET 200 https://registry.npmjs.org/@rollup%2frollup-freebsd-x64 336ms (cache miss)
523 silly packumentCache full:https://registry.npmjs.org/@rollup%2frollup-freebsd-x64 set size:undefined disposed:false
524 http fetch GET 200 https://registry.npmjs.org/@rollup%2frollup-linux-x64-gnu 332ms (cache miss)
525 silly packumentCache full:https://registry.npmjs.org/@rollup%2frollup-linux-x64-gnu set size:undefined disposed:false
526 http fetch GET 200 https://registry.npmjs.org/@rollup%2frollup-openharmony-arm64 551ms (cache miss)
527 silly packumentCache full:https://registry.npmjs.org/@rollup%2frollup-openharmony-arm64 set size:undefined disposed:false
528 silly placeDep ROOT @esbuild/aix-ppc64@0.19.12 OK for: esbuild@0.19.12 want: 0.19.12
529 silly placeDep ROOT @esbuild/android-arm@0.19.12 OK for: esbuild@0.19.12 want: 0.19.12
530 silly placeDep ROOT @esbuild/android-arm64@0.19.12 OK for: esbuild@0.19.12 want: 0.19.12
531 silly placeDep ROOT @esbuild/android-x64@0.19.12 OK for: esbuild@0.19.12 want: 0.19.12
532 silly placeDep ROOT @esbuild/darwin-arm64@0.19.12 OK for: esbuild@0.19.12 want: 0.19.12
533 silly placeDep ROOT @esbuild/darwin-x64@0.19.12 OK for: esbuild@0.19.12 want: 0.19.12
534 silly placeDep ROOT @esbuild/freebsd-arm64@0.19.12 OK for: esbuild@0.19.12 want: 0.19.12
535 silly placeDep ROOT @esbuild/freebsd-x64@0.19.12 OK for: esbuild@0.19.12 want: 0.19.12
536 silly placeDep ROOT @esbuild/linux-arm@0.19.12 OK for: esbuild@0.19.12 want: 0.19.12
537 silly placeDep ROOT @esbuild/linux-arm64@0.19.12 OK for: esbuild@0.19.12 want: 0.19.12
538 silly placeDep ROOT @esbuild/linux-ia32@0.19.12 OK for: esbuild@0.19.12 want: 0.19.12
539 silly placeDep ROOT @esbuild/linux-loong64@0.19.12 OK for: esbuild@0.19.12 want: 0.19.12
540 silly placeDep ROOT @esbuild/linux-mips64el@0.19.12 OK for: esbuild@0.19.12 want: 0.19.12
541 silly placeDep ROOT @esbuild/linux-ppc64@0.19.12 OK for: esbuild@0.19.12 want: 0.19.12
542 silly placeDep ROOT @esbuild/linux-riscv64@0.19.12 OK for: esbuild@0.19.12 want: 0.19.12
543 silly placeDep ROOT @esbuild/linux-s390x@0.19.12 OK for: esbuild@0.19.12 want: 0.19.12
544 silly placeDep ROOT @esbuild/linux-x64@0.19.12 OK for: esbuild@0.19.12 want: 0.19.12
545 silly placeDep ROOT @esbuild/netbsd-x64@0.19.12 OK for: esbuild@0.19.12 want: 0.19.12
546 silly placeDep ROOT @esbuild/openbsd-x64@0.19.12 OK for: esbuild@0.19.12 want: 0.19.12
547 silly placeDep ROOT @esbuild/sunos-x64@0.19.12 OK for: esbuild@0.19.12 want: 0.19.12
548 silly placeDep ROOT @esbuild/win32-arm64@0.19.12 OK for: esbuild@0.19.12 want: 0.19.12
549 silly placeDep ROOT @esbuild/win32-ia32@0.19.12 OK for: esbuild@0.19.12 want: 0.19.12
550 silly placeDep ROOT @esbuild/win32-x64@0.19.12 OK for: esbuild@0.19.12 want: 0.19.12
551 silly placeDep ROOT nanoid@3.3.15 OK for: postcss@8.5.16 want: ^3.3.12
552 silly placeDep ROOT source-map-js@1.2.1 OK for: postcss@8.5.16 want: ^1.2.1
553 silly placeDep ROOT @rollup/rollup-android-arm-eabi@4.62.2 OK for: rollup@4.62.2 want: 4.62.2
554 silly placeDep ROOT @rollup/rollup-android-arm64@4.62.2 OK for: rollup@4.62.2 want: 4.62.2
555 silly placeDep ROOT @rollup/rollup-darwin-arm64@4.62.2 OK for: rollup@4.62.2 want: 4.62.2
556 silly placeDep ROOT @rollup/rollup-darwin-x64@4.62.2 OK for: rollup@4.62.2 want: 4.62.2
557 silly placeDep ROOT @rollup/rollup-freebsd-arm64@4.62.2 OK for: rollup@4.62.2 want: 4.62.2
558 silly placeDep ROOT @rollup/rollup-freebsd-x64@4.62.2 OK for: rollup@4.62.2 want: 4.62.2
559 silly placeDep ROOT @rollup/rollup-linux-arm-gnueabihf@4.62.2 OK for: rollup@4.62.2 want: 4.62.2
560 silly placeDep ROOT @rollup/rollup-linux-arm-musleabihf@4.62.2 OK for: rollup@4.62.2 want: 4.62.2
561 silly placeDep ROOT @rollup/rollup-linux-arm64-gnu@4.62.2 OK for: rollup@4.62.2 want: 4.62.2
562 silly placeDep ROOT @rollup/rollup-linux-arm64-musl@4.62.2 OK for: rollup@4.62.2 want: 4.62.2
563 silly placeDep ROOT @rollup/rollup-linux-loong64-gnu@4.62.2 OK for: rollup@4.62.2 want: 4.62.2
564 silly placeDep ROOT @rollup/rollup-linux-loong64-musl@4.62.2 OK for: rollup@4.62.2 want: 4.62.2
565 silly placeDep ROOT @rollup/rollup-linux-ppc64-gnu@4.62.2 OK for: rollup@4.62.2 want: 4.62.2
566 silly placeDep ROOT @rollup/rollup-linux-ppc64-musl@4.62.2 OK for: rollup@4.62.2 want: 4.62.2
567 silly placeDep ROOT @rollup/rollup-linux-riscv64-gnu@4.62.2 OK for: rollup@4.62.2 want: 4.62.2
568 silly placeDep ROOT @rollup/rollup-linux-riscv64-musl@4.62.2 OK for: rollup@4.62.2 want: 4.62.2
569 silly placeDep ROOT @rollup/rollup-linux-s390x-gnu@4.62.2 OK for: rollup@4.62.2 want: 4.62.2
570 silly placeDep ROOT @rollup/rollup-linux-x64-gnu@4.62.2 OK for: rollup@4.62.2 want: 4.62.2
571 silly placeDep ROOT @rollup/rollup-linux-x64-musl@4.62.2 OK for: rollup@4.62.2 want: 4.62.2
572 silly placeDep ROOT @rollup/rollup-openbsd-x64@4.62.2 OK for: rollup@4.62.2 want: 4.62.2
573 silly placeDep ROOT @rollup/rollup-openharmony-arm64@4.62.2 OK for: rollup@4.62.2 want: 4.62.2
574 silly placeDep ROOT @rollup/rollup-win32-arm64-msvc@4.62.2 OK for: rollup@4.62.2 want: 4.62.2
575 silly placeDep ROOT @rollup/rollup-win32-ia32-msvc@4.62.2 OK for: rollup@4.62.2 want: 4.62.2
576 silly placeDep ROOT @rollup/rollup-win32-x64-gnu@4.62.2 OK for: rollup@4.62.2 want: 4.62.2
577 silly placeDep ROOT @rollup/rollup-win32-x64-msvc@4.62.2 OK for: rollup@4.62.2 want: 4.62.2
578 silly placeDep ROOT @types/estree@1.0.9 OK for: rollup@4.62.2 want: 1.0.9
579 silly reify mark retired [
579 silly reify   'D:\\MINI PROJECT\\food-delivery-app\\frontend\\node_modules\\detect-libc'
579 silly reify ]
580 silly reify mark retired [ 'D:\\MINI PROJECT\\food-delivery-app\\frontend\\node_modules\\fdir' ]
581 silly reify mark retired [
581 silly reify   'D:\\MINI PROJECT\\food-delivery-app\\frontend\\node_modules\\lightningcss'
581 silly reify ]
582 silly reify mark retired [
582 silly reify   'D:\\MINI PROJECT\\food-delivery-app\\frontend\\node_modules\\lightningcss-win32-x64-msvc'
582 silly reify ]
583 silly reify mark retired [
583 silly reify   'D:\\MINI PROJECT\\food-delivery-app\\frontend\\node_modules\\picomatch'
583 silly reify ]
584 silly reify mark retired [
584 silly reify   'D:\\MINI PROJECT\\food-delivery-app\\frontend\\node_modules\\rolldown',
584 silly reify   'D:\\MINI PROJECT\\food-delivery-app\\frontend\\node_modules\\.bin\\rolldown',
584 silly reify   'D:\\MINI PROJECT\\food-delivery-app\\frontend\\node_modules\\.bin\\rolldown.cmd',
584 silly reify   'D:\\MINI PROJECT\\food-delivery-app\\frontend\\node_modules\\.bin\\rolldown.ps1'
584 silly reify ]
585 silly reify mark retired [
585 silly reify   'D:\\MINI PROJECT\\food-delivery-app\\frontend\\node_modules\\tinyglobby'
585 silly reify ]
586 silly reify mark retired [
586 silly reify   'D:\\MINI PROJECT\\food-delivery-app\\frontend\\node_modules\\vite',
586 silly reify   'D:\\MINI PROJECT\\food-delivery-app\\frontend\\node_modules\\.bin\\vite',
586 silly reify   'D:\\MINI PROJECT\\food-delivery-app\\frontend\\node_modules\\.bin\\vite.cmd',
586 silly reify   'D:\\MINI PROJECT\\food-delivery-app\\frontend\\node_modules\\.bin\\vite.ps1'
586 silly reify ]
587 silly reify mark retired [
587 silly reify   'D:\\MINI PROJECT\\food-delivery-app\\frontend\\node_modules\\@rolldown\\binding-win32-x64-msvc'
587 silly reify ]
588 silly reify mark retired [
588 silly reify   'D:\\MINI PROJECT\\food-delivery-app\\frontend\\node_modules\\@rolldown\\pluginutils'
588 silly reify ]
589 silly reify mark retired [
589 silly reify   'D:\\MINI PROJECT\\food-delivery-app\\frontend\\node_modules\\@vitejs\\plugin-react'
589 silly reify ]
590 silly reify mark retired [
590 silly reify   'D:\\MINI PROJECT\\food-delivery-app\\frontend\\node_modules\\@oxc-project\\types'
590 silly reify ]
591 silly reify mark retired [
591 silly reify   'D:\\MINI PROJECT\\food-delivery-app\\frontend\\node_modules\\@emnapi\\wasi-threads'
591 silly reify ]
592 silly reify moves {
592 silly reify   'D:\\MINI PROJECT\\food-delivery-app\\frontend\\node_modules\\detect-libc': 'D:\\MINI PROJECT\\food-delivery-app\\frontend\\node_modules\\.detect-libc-A7mNazIE',
592 silly reify   'D:\\MINI PROJECT\\food-delivery-app\\frontend\\node_modules\\fdir': 'D:\\MINI PROJECT\\food-delivery-app\\frontend\\node_modules\\.fdir-zgzytKHF',
592 silly reify   'D:\\MINI PROJECT\\food-delivery-app\\frontend\\node_modules\\lightningcss': 'D:\\MINI PROJECT\\food-delivery-app\\frontend\\node_modules\\.lightningcss-blZoKvYn',
592 silly reify   'D:\\MINI PROJECT\\food-delivery-app\\frontend\\node_modules\\lightningcss-win32-x64-msvc': 'D:\\MINI PROJECT\\food-delivery-app\\frontend\\node_modules\\.lightningcss-win32-x64-msvc-fVD99zzN',
592 silly reify   'D:\\MINI PROJECT\\food-delivery-app\\frontend\\node_modules\\picomatch': 'D:\\MINI PROJECT\\food-delivery-app\\frontend\\node_modules\\.picomatch-xjUY77mh',
592 silly reify   'D:\\MINI PROJECT\\food-delivery-app\\frontend\\node_modules\\rolldown': 'D:\\MINI PROJECT\\food-delivery-app\\frontend\\node_modules\\.rolldown-QRZS1LGX',
592 silly reify   'D:\\MINI PROJECT\\food-delivery-app\\frontend\\node_modules\\.bin\\rolldown': 'D:\\MINI PROJECT\\food-delivery-app\\frontend\\node_modules\\.bin\\.rolldown-PTISE6dr',
592 silly reify   'D:\\MINI PROJECT\\food-delivery-app\\frontend\\node_modules\\.bin\\rolldown.cmd': 'D:\\MINI PROJECT\\food-delivery-app\\frontend\\node_modules\\.bin\\.rolldown.cmd-Uh4qW3L8',
592 silly reify   'D:\\MINI PROJECT\\food-delivery-app\\frontend\\node_modules\\.bin\\rolldown.ps1': 'D:\\MINI PROJECT\\food-delivery-app\\frontend\\node_modules\\.bin\\.rolldown.ps1-jaoYPpCj',
592 silly reify   'D:\\MINI PROJECT\\food-delivery-app\\frontend\\node_modules\\tinyglobby': 'D:\\MINI PROJECT\\food-delivery-app\\frontend\\node_modules\\.tinyglobby-JmxnDwtu',
592 silly reify   'D:\\MINI PROJECT\\food-delivery-app\\frontend\\node_modules\\vite': 'D:\\MINI PROJECT\\food-delivery-app\\frontend\\node_modules\\.vite-6MB97RhZ',
592 silly reify   'D:\\MINI PROJECT\\food-delivery-app\\frontend\\node_modules\\.bin\\vite': 'D:\\MINI PROJECT\\food-delivery-app\\frontend\\node_modules\\.bin\\.vite-X6Ac3iMU',
592 silly reify   'D:\\MINI PROJECT\\food-delivery-app\\frontend\\node_modules\\.bin\\vite.cmd': 'D:\\MINI PROJECT\\food-delivery-app\\frontend\\node_modules\\.bin\\.vite.cmd-HJOp0sWI',
592 silly reify   'D:\\MINI PROJECT\\food-delivery-app\\frontend\\node_modules\\.bin\\vite.ps1': 'D:\\MINI PROJECT\\food-delivery-app\\frontend\\node_modules\\.bin\\.vite.ps1-ZV30NIIh',
592 silly reify   'D:\\MINI PROJECT\\food-delivery-app\\frontend\\node_modules\\@rolldown\\binding-win32-x64-msvc': 'D:\\MINI PROJECT\\food-delivery-app\\frontend\\node_modules\\@rolldown\\.binding-win32-x64-msvc-YyzgSNut',
592 silly reify   'D:\\MINI PROJECT\\food-delivery-app\\frontend\\node_modules\\@rolldown\\pluginutils': 'D:\\MINI PROJECT\\food-delivery-app\\frontend\\node_modules\\@rolldown\\.pluginutils-3NGpIU1T',
592 silly reify   'D:\\MINI PROJECT\\food-delivery-app\\frontend\\node_modules\\@vitejs\\plugin-react': 'D:\\MINI PROJECT\\food-delivery-app\\frontend\\node_modules\\@vitejs\\.plugin-react-04j07ChR',
592 silly reify   'D:\\MINI PROJECT\\food-delivery-app\\frontend\\node_modules\\@oxc-project\\types': 'D:\\MINI PROJECT\\food-delivery-app\\frontend\\node_modules\\@oxc-project\\.types-i6spDKxU',
592 silly reify   'D:\\MINI PROJECT\\food-delivery-app\\frontend\\node_modules\\@emnapi\\wasi-threads': 'D:\\MINI PROJECT\\food-delivery-app\\frontend\\node_modules\\@emnapi\\.wasi-threads-Qvbnvam8'
592 silly reify }
593 silly audit bulk request {
593 silly audit   '@babel/runtime': [ '7.29.2' ],
593 silly audit   '@eslint-community/eslint-utils': [ '4.9.1' ],
593 silly audit   '@eslint-community/regexpp': [ '4.12.2' ],
593 silly audit   '@eslint/eslintrc': [ '2.1.4' ],
593 silly audit   '@eslint/js': [ '8.57.1' ],
593 silly audit   '@humanwhocodes/config-array': [ '0.13.0' ],
593 silly audit   '@humanwhocodes/module-importer': [ '1.0.1' ],
593 silly audit   '@humanwhocodes/object-schema': [ '2.0.3' ],
593 silly audit   '@nodelib/fs.scandir': [ '2.1.5' ],
593 silly audit   '@nodelib/fs.stat': [ '2.0.5' ],
593 silly audit   '@nodelib/fs.walk': [ '1.2.8' ],
593 silly audit   '@react-leaflet/core': [ '2.1.0' ],
593 silly audit   '@remix-run/router': [ '1.23.2' ],
593 silly audit   '@socket.io/component-emitter': [ '3.1.2' ],
593 silly audit   '@ungap/structured-clone': [ '1.3.0' ],
593 silly audit   acorn: [ '8.16.0' ],
593 silly audit   'acorn-jsx': [ '5.3.2' ],
593 silly audit   ajv: [ '6.14.0' ],
593 silly audit   'ansi-regex': [ '5.0.1' ],
593 silly audit   'ansi-styles': [ '4.3.0' ],
593 silly audit   argparse: [ '2.0.1' ],
593 silly audit   'array-buffer-byte-length': [ '1.0.2' ],
593 silly audit   'array-includes': [ '3.1.9' ],
593 silly audit   'array.prototype.findlast': [ '1.2.5' ],
593 silly audit   'array.prototype.flat': [ '1.3.3' ],
593 silly audit   'array.prototype.flatmap': [ '1.3.3' ],
593 silly audit   'array.prototype.tosorted': [ '1.1.4' ],
593 silly audit   'arraybuffer.prototype.slice': [ '1.0.4' ],
593 silly audit   'async-function': [ '1.0.0' ],
593 silly audit   asynckit: [ '0.4.0' ],
593 silly audit   'available-typed-arrays': [ '1.0.7' ],
593 silly audit   axios: [ '1.15.0' ],
593 silly audit   'balanced-match': [ '1.0.2' ],
593 silly audit   'brace-expansion': [ '1.1.14' ],
593 silly audit   'call-bind': [ '1.0.9' ],
593 silly audit   'call-bind-apply-helpers': [ '1.0.2' ],
593 silly audit   'call-bound': [ '1.0.4' ],
593 silly audit   callsites: [ '3.1.0' ],
593 silly audit   chalk: [ '4.1.2' ],
593 silly audit   'supports-color': [ '7.2.0', '8.1.1' ],
593 silly audit   cliui: [ '8.0.1' ],
593 silly audit   'color-convert': [ '2.0.1' ],
593 silly audit   'color-name': [ '1.1.4' ],
593 silly audit   'combined-stream': [ '1.0.8' ],
593 silly audit   'concat-map': [ '0.0.1' ],
593 silly audit   concurrently: [ '8.2.2' ],
593 silly audit   'cross-spawn': [ '7.0.6' ],
593 silly audit   'data-view-buffer': [ '1.0.2' ],
593 silly audit   'data-view-byte-length': [ '1.0.2' ],
593 silly audit   'data-view-byte-offset': [ '1.0.1' ],
593 silly audit   'date-fns': [ '2.30.0' ],
593 silly audit   debug: [ '4.4.3' ],
593 silly audit   'deep-is': [ '0.1.4' ],
593 silly audit   'define-data-property': [ '1.1.4' ],
593 silly audit   'define-properties': [ '1.2.1' ],
593 silly audit   'delayed-stream': [ '1.0.0' ],
593 silly audit   doctrine: [ '3.0.0', '2.1.0' ],
593 silly audit   'dunder-proto': [ '1.0.1' ],
593 silly audit   'emoji-regex': [ '8.0.0' ],
593 silly audit   'engine.io-client': [ '6.6.4' ],
593 silly audit   'engine.io-parser': [ '5.2.3' ],
593 silly audit   'es-abstract': [ '1.24.2' ],
593 silly audit   'es-define-property': [ '1.0.1' ],
593 silly audit   'es-errors': [ '1.3.0' ],
593 silly audit   'es-iterator-helpers': [ '1.3.2' ],
593 silly audit   'es-object-atoms': [ '1.1.1' ],
593 silly audit   'es-set-tostringtag': [ '2.1.0' ],
593 silly audit   'es-shim-unscopables': [ '1.1.0' ],
593 silly audit   'es-to-primitive': [ '1.3.0' ],
593 silly audit   escalade: [ '3.2.0' ],
593 silly audit   'escape-string-regexp': [ '4.0.0' ],
593 silly audit   eslint: [ '8.57.1' ],
593 silly audit   'eslint-plugin-react': [ '7.37.5' ],
593 silly audit   'eslint-plugin-react-hooks': [ '4.6.2' ],
593 silly audit   'eslint-scope': [ '7.2.2' ],
593 silly audit   'eslint-visitor-keys': [ '3.4.3' ],
593 silly audit   espree: [ '9.6.1' ],
593 silly audit   esquery: [ '1.7.0' ],
593 silly audit   esrecurse: [ '4.3.0' ],
593 silly audit   estraverse: [ '5.3.0' ],
593 silly audit   esutils: [ '2.0.3' ],
593 silly audit   'fast-deep-equal': [ '3.1.3' ],
593 silly audit   'fast-json-stable-stringify': [ '2.1.0' ],
593 silly audit   'fast-levenshtein': [ '2.0.6' ],
593 silly audit   fastq: [ '1.20.1' ],
593 silly audit   'file-entry-cache': [ '6.0.1' ],
593 silly audit   'find-up': [ '5.0.0' ],
593 silly audit   'flat-cache': [ '3.2.0' ],
593 silly audit   flatted: [ '3.4.2' ],
593 silly audit   'follow-redirects': [ '1.15.11' ],
593 silly audit   'for-each': [ '0.3.5' ],
593 silly audit   'form-data': [ '4.0.5' ],
593 silly audit   'fs.realpath': [ '1.0.0' ],
593 silly audit   'function-bind': [ '1.1.2' ],
593 silly audit   'function.prototype.name': [ '1.1.8' ],
593 silly audit   'functions-have-names': [ '1.2.3' ],
593 silly audit   'generator-function': [ '2.0.1' ],
593 silly audit   'get-caller-file': [ '2.0.5' ],
593 silly audit   'get-intrinsic': [ '1.3.0' ],
593 silly audit   'get-proto': [ '1.0.1' ],
593 silly audit   'get-symbol-description': [ '1.1.0' ],
593 silly audit   glob: [ '7.2.3' ],
593 silly audit   'glob-parent': [ '6.0.2' ],
593 silly audit   globals: [ '13.24.0' ],
593 silly audit   globalthis: [ '1.0.4' ],
593 silly audit   gopd: [ '1.2.0' ],
593 silly audit   graphemer: [ '1.4.0' ],
593 silly audit   'has-bigints': [ '1.1.0' ],
593 silly audit   'has-flag': [ '4.0.0' ],
593 silly audit   'has-property-descriptors': [ '1.0.2' ],
593 silly audit   'has-proto': [ '1.2.0' ],
593 silly audit   'has-symbols': [ '1.1.0' ],
593 silly audit   'has-tostringtag': [ '1.0.2' ],
593 silly audit   hasown: [ '2.0.2' ],
593 silly audit   ignore: [ '5.3.2' ],
593 silly audit   'import-fresh': [ '3.3.1' ],
593 silly audit   imurmurhash: [ '0.1.4' ],
593 silly audit   inflight: [ '1.0.6' ],
593 silly audit   inherits: [ '2.0.4' ],
593 silly audit   'internal-slot': [ '1.1.0' ],
593 silly audit   'is-array-buffer': [ '3.0.5' ],
593 silly audit   'is-async-function': [ '2.1.1' ],
593 silly audit   'is-bigint': [ '1.1.0' ],
593 silly audit   'is-boolean-object': [ '1.2.2' ],
593 silly audit   'is-callable': [ '1.2.7' ],
593 silly audit   'is-core-module': [ '2.16.1' ],
593 silly audit   'is-data-view': [ '1.0.2' ],
593 silly audit   'is-date-object': [ '1.1.0' ],
593 silly audit   'is-extglob': [ '2.1.1' ],
593 silly audit   'is-finalizationregistry': [ '1.1.1' ],
593 silly audit   'is-fullwidth-code-point': [ '3.0.0' ],
593 silly audit   'is-generator-function': [ '1.1.2' ],
593 silly audit   'is-glob': [ '4.0.3' ],
593 silly audit   'is-map': [ '2.0.3' ],
593 silly audit   'is-negative-zero': [ '2.0.3' ],
593 silly audit   'is-number-object': [ '1.1.1' ],
593 silly audit   'is-path-inside': [ '3.0.3' ],
593 silly audit   'is-regex': [ '1.2.1' ],
593 silly audit   'is-set': [ '2.0.3' ],
593 silly audit   'is-shared-array-buffer': [ '1.0.4' ],
593 silly audit   'is-string': [ '1.1.1' ],
593 silly audit   'is-symbol': [ '1.1.1' ],
593 silly audit   'is-typed-array': [ '1.1.15' ],
593 silly audit   'is-weakmap': [ '2.0.2' ],
593 silly audit   'is-weakref': [ '1.1.1' ],
593 silly audit   'is-weakset': [ '2.0.4' ],
593 silly audit   isarray: [ '2.0.5' ],
593 silly audit   isexe: [ '2.0.0' ],
593 silly audit   'iterator.prototype': [ '1.1.5' ],
593 silly audit   'js-tokens': [ '4.0.0' ],
593 silly audit   'js-yaml': [ '4.1.1' ],
593 silly audit   'json-buffer': [ '3.0.1' ],
593 silly audit   'json-schema-traverse': [ '0.4.1' ],
593 silly audit   'json-stable-stringify-without-jsonify': [ '1.0.1' ],
593 silly audit   'jsx-ast-utils': [ '3.3.5' ],
593 silly audit   keyv: [ '4.5.4' ],
593 silly audit   leaflet: [ '1.9.4' ],
593 silly audit   levn: [ '0.4.1' ],
593 silly audit   'locate-path': [ '6.0.0' ],
593 silly audit   lodash: [ '4.18.1' ],
593 silly audit   'lodash.merge': [ '4.6.2' ],
593 silly audit   'loose-envify': [ '1.4.0' ],
593 silly audit   'math-intrinsics': [ '1.1.0' ],
593 silly audit   'mime-db': [ '1.52.0' ],
593 silly audit   'mime-types': [ '2.1.35' ],
593 silly audit   minimatch: [ '3.1.5' ],
593 silly audit   ms: [ '2.1.3' ],
593 silly audit   'natural-compare': [ '1.4.0' ],
593 silly audit   'node-exports-info': [ '1.6.0' ],
593 silly audit   'object-assign': [ '4.1.1' ],
593 silly audit   'object-inspect': [ '1.13.4' ],
593 silly audit   'object-keys': [ '1.1.1' ],
593 silly audit   'object.assign': [ '4.1.7' ],
593 silly audit   'object.entries': [ '1.1.9' ],
593 silly audit   'object.fromentries': [ '2.0.8' ],
593 silly audit   'object.values': [ '1.2.1' ],
593 silly audit   once: [ '1.4.0' ],
593 silly audit   optionator: [ '0.9.4' ],
593 silly audit   'own-keys': [ '1.0.1' ],
593 silly audit   'p-limit': [ '3.1.0' ],
593 silly audit   'p-locate': [ '5.0.0' ],
593 silly audit   'parent-module': [ '1.0.1' ],
593 silly audit   'path-exists': [ '4.0.0' ],
593 silly audit   'path-is-absolute': [ '1.0.1' ],
593 silly audit   'path-key': [ '3.1.1' ],
593 silly audit   'path-parse': [ '1.0.7' ],
593 silly audit   'possible-typed-array-names': [ '1.1.0' ],
593 silly audit   'prelude-ls': [ '1.2.1' ],
593 silly audit   'prop-types': [ '15.8.1' ],
593 silly audit   'proxy-from-env': [ '2.1.0' ],
593 silly audit   punycode: [ '2.3.1' ],
593 silly audit   'queue-microtask': [ '1.2.3' ],
593 silly audit   razorpay: [ '2.9.6' ],
593 silly audit   react: [ '18.3.1' ],
593 silly audit   'react-dom': [ '18.3.1' ],
593 silly audit   'react-is': [ '16.13.1' ],
593 silly audit   'react-leaflet': [ '4.2.1' ],
593 silly audit   'react-router': [ '6.30.3' ],
593 silly audit   'react-router-dom': [ '6.30.3' ],
593 silly audit   'reflect.getprototypeof': [ '1.0.10' ],
593 silly audit   'regexp.prototype.flags': [ '1.5.4' ],
593 silly audit   'require-directory': [ '2.1.1' ],
593 silly audit   resolve: [ '2.0.0-next.6' ],
593 silly audit   'resolve-from': [ '4.0.0' ],
593 silly audit   reusify: [ '1.1.0' ],
593 silly audit   rimraf: [ '3.0.2' ],
593 silly audit   'run-parallel': [ '1.2.0' ],
593 silly audit   rxjs: [ '7.8.2' ],
593 silly audit   'safe-array-concat': [ '1.1.3' ],
593 silly audit   'safe-push-apply': [ '1.0.0' ],
593 silly audit   'safe-regex-test': [ '1.1.0' ],
593 silly audit   scheduler: [ '0.23.2' ],
593 silly audit   semver: [ '6.3.1' ],
593 silly audit   'set-function-length': [ '1.2.2' ],
593 silly audit   'set-function-name': [ '2.0.2' ],
593 silly audit   'set-proto': [ '1.0.0' ],
593 silly audit   'shebang-command': [ '2.0.0' ],
593 silly audit   'shebang-regex': [ '3.0.0' ],
593 silly audit   'shell-quote': [ '1.8.3' ],
593 silly audit   'side-channel': [ '1.1.0' ],
593 silly audit   'side-channel-list': [ '1.0.1' ],
593 silly audit   'side-channel-map': [ '1.0.1' ],
593 silly audit   'side-channel-weakmap': [ '1.0.2' ],
593 silly audit   'socket.io-client': [ '4.8.3' ],
593 silly audit   'socket.io-parser': [ '4.2.6' ],
593 silly audit   'spawn-command': [ '0.0.2' ],
593 silly audit   'stop-iteration-iterator': [ '1.1.0' ],
593 silly audit   'string-width': [ '4.2.3' ],
593 silly audit   'string.prototype.matchall': [ '4.0.12' ],
593 silly audit   'string.prototype.repeat': [ '1.0.0' ],
593 silly audit   'string.prototype.trim': [ '1.2.10' ],
593 silly audit   'string.prototype.trimend': [ '1.0.9' ],
593 silly audit   'string.prototype.trimstart': [ '1.0.8' ],
593 silly audit   'strip-ansi': [ '6.0.1' ],
593 silly audit   'strip-json-comments': [ '3.1.1' ],
593 silly audit   'supports-preserve-symlinks-flag': [ '1.0.0' ],
593 silly audit   'text-table': [ '0.2.0' ],
593 silly audit   'tree-kill': [ '1.2.2' ],
593 silly audit   tslib: [ '2.8.1' ],
593 silly audit   'type-check': [ '0.4.0' ],
593 silly audit   'type-fest': [ '0.20.2' ],
593 silly audit   'typed-array-buffer': [ '1.0.3' ],
593 silly audit   'typed-array-byte-length': [ '1.0.3' ],
593 silly audit   'typed-array-byte-offset': [ '1.0.4' ],
593 silly audit   'typed-array-length': [ '1.0.7' ],
593 silly audit   'unbox-primitive': [ '1.1.0' ],
593 silly audit   'uri-js': [ '4.4.1' ],
593 silly audit   which: [ '2.0.2' ],
593 silly audit   'which-boxed-primitive': [ '1.1.1' ],
593 silly audit   'which-builtin-type': [ '1.2.1' ],
593 silly audit   'which-collection': [ '1.0.2' ],
593 silly audit   'which-typed-array': [ '1.1.20' ],
593 silly audit   'word-wrap': [ '1.2.5' ],
593 silly audit   'wrap-ansi': [ '7.0.0' ],
593 silly audit   wrappy: [ '1.0.2' ],
593 silly audit   ws: [ '8.18.3' ],
593 silly audit   'xmlhttprequest-ssl': [ '2.1.2' ],
593 silly audit   y18n: [ '5.0.8' ],
593 silly audit   yargs: [ '17.7.2' ],
593 silly audit   'yargs-parser': [ '21.1.1' ],
593 silly audit   'yocto-queue': [ '0.1.0' ],
593 silly audit   '@vitejs/plugin-react': [ '4.2.1' ],
593 silly audit   vite: [ '5.0.0' ],
593 silly audit   '@babel/core': [ '7.29.7' ],
593 silly audit   '@babel/plugin-transform-react-jsx-self': [ '7.29.7' ],
593 silly audit   '@babel/plugin-transform-react-jsx-source': [ '7.29.7' ],
593 silly audit   '@types/babel__core': [ '7.20.5' ],
593 silly audit   'react-refresh': [ '0.14.2' ],
593 silly audit   '@babel/code-frame': [ '7.29.7' ],
593 silly audit   '@babel/generator': [ '7.29.7' ],
593 silly audit   '@babel/helper-compilation-targets': [ '7.29.7' ],
593 silly audit   '@babel/helper-module-transforms': [ '7.29.7' ],
593 silly audit   '@babel/helpers': [ '7.29.7' ],
593 silly audit   '@babel/parser': [ '7.29.7' ],
593 silly audit   '@babel/template': [ '7.29.7' ],
593 silly audit   '@babel/traverse': [ '7.29.7' ],
593 silly audit   '@babel/types': [ '7.29.7' ],
593 silly audit   '@jridgewell/remapping': [ '2.3.5' ],
593 silly audit   'convert-source-map': [ '2.0.0' ],
593 silly audit   gensync: [ '1.0.0-beta.2' ],
593 silly audit   json5: [ '2.2.3' ],
593 silly audit   '@babel/helper-validator-identifier': [ '7.29.7' ],
593 silly audit   picocolors: [ '1.1.1' ],
593 silly audit   '@jridgewell/gen-mapping': [ '0.3.13' ],
593 silly audit   '@jridgewell/trace-mapping': [ '0.3.31' ],
593 silly audit   jsesc: [ '3.1.0' ],
593 silly audit   '@babel/compat-data': [ '7.29.7' ],
593 silly audit   '@babel/helper-validator-option': [ '7.29.7' ],
593 silly audit   browserslist: [ '4.28.4' ],
593 silly audit   'lru-cache': [ '5.1.1' ],
593 silly audit   '@babel/helper-module-imports': [ '7.29.7' ],
593 silly audit   '@babel/helper-plugin-utils': [ '7.29.7' ],
593 silly audit   '@babel/helper-globals': [ '7.29.7' ],
593 silly audit   '@babel/helper-string-parser': [ '7.29.7' ],
593 silly audit   '@jridgewell/sourcemap-codec': [ '1.5.5' ],
593 silly audit   '@jridgewell/resolve-uri': [ '3.1.2' ],
593 silly audit   '@types/babel__generator': [ '7.27.0' ],
593 silly audit   '@types/babel__template': [ '7.4.4' ],
593 silly audit   '@types/babel__traverse': [ '7.28.0' ],
593 silly audit   'baseline-browser-mapping': [ '2.10.41' ],
593 silly audit   'caniuse-lite': [ '1.0.30001800' ],
593 silly audit   'electron-to-chromium': [ '1.5.387' ],
593 silly audit   'node-releases': [ '2.0.50' ],
593 silly audit   'update-browserslist-db': [ '1.2.3' ],
593 silly audit   yallist: [ '3.1.1' ],
593 silly audit   esbuild: [ '0.19.12' ],
593 silly audit   fsevents: [ '2.3.3' ],
593 silly audit   postcss: [ '8.5.16' ],
593 silly audit   rollup: [ '4.62.2' ],
593 silly audit   '@esbuild/aix-ppc64': [ '0.19.12' ],
593 silly audit   '@esbuild/android-arm': [ '0.19.12' ],
593 silly audit   '@esbuild/android-arm64': [ '0.19.12' ],
593 silly audit   '@esbuild/android-x64': [ '0.19.12' ],
593 silly audit   '@esbuild/darwin-arm64': [ '0.19.12' ],
593 silly audit   '@esbuild/darwin-x64': [ '0.19.12' ],
593 silly audit   '@esbuild/freebsd-arm64': [ '0.19.12' ],
593 silly audit   '@esbuild/freebsd-x64': [ '0.19.12' ],
593 silly audit   '@esbuild/linux-arm': [ '0.19.12' ],
593 silly audit   '@esbuild/linux-arm64': [ '0.19.12' ],
593 silly audit   '@esbuild/linux-ia32': [ '0.19.12' ],
593 silly audit   '@esbuild/linux-loong64': [ '0.19.12' ],
593 silly audit   '@esbuild/linux-mips64el': [ '0.19.12' ],
593 silly audit   '@esbuild/linux-ppc64': [ '0.19.12' ],
593 silly audit   '@esbuild/linux-riscv64': [ '0.19.12' ],
593 silly audit   '@esbuild/linux-s390x': [ '0.19.12' ],
593 silly audit   '@esbuild/linux-x64': [ '0.19.12' ],
593 silly audit   '@esbuild/netbsd-x64': [ '0.19.12' ],
593 silly audit   '@esbuild/openbsd-x64': [ '0.19.12' ],
593 silly audit   '@esbuild/sunos-x64': [ '0.19.12' ],
593 silly audit   '@esbuild/win32-arm64': [ '0.19.12' ],
593 silly audit   '@esbuild/win32-ia32': [ '0.19.12' ],
593 silly audit   '@esbuild/win32-x64': [ '0.19.12' ],
593 silly audit   nanoid: [ '3.3.15' ],
593 silly audit   'source-map-js': [ '1.2.1' ],
593 silly audit   '@rollup/rollup-android-arm-eabi': [ '4.62.2' ],
593 silly audit   '@rollup/rollup-android-arm64': [ '4.62.2' ],
593 silly audit   '@rollup/rollup-darwin-arm64': [ '4.62.2' ],
593 silly audit   '@rollup/rollup-darwin-x64': [ '4.62.2' ],
593 silly audit   '@rollup/rollup-freebsd-arm64': [ '4.62.2' ],
593 silly audit   '@rollup/rollup-freebsd-x64': [ '4.62.2' ],
593 silly audit   '@rollup/rollup-linux-arm-gnueabihf': [ '4.62.2' ],
593 silly audit   '@rollup/rollup-linux-arm-musleabihf': [ '4.62.2' ],
593 silly audit   '@rollup/rollup-linux-arm64-gnu': [ '4.62.2' ],
593 silly audit   '@rollup/rollup-linux-arm64-musl': [ '4.62.2' ],
593 silly audit   '@rollup/rollup-linux-loong64-gnu': [ '4.62.2' ],
593 silly audit   '@rollup/rollup-linux-loong64-musl': [ '4.62.2' ],
593 silly audit   '@rollup/rollup-linux-ppc64-gnu': [ '4.62.2' ],
593 silly audit   '@rollup/rollup-linux-ppc64-musl': [ '4.62.2' ],
593 silly audit   '@rollup/rollup-linux-riscv64-gnu': [ '4.62.2' ],
593 silly audit   '@rollup/rollup-linux-riscv64-musl': [ '4.62.2' ],
593 silly audit   '@rollup/rollup-linux-s390x-gnu': [ '4.62.2' ],
593 silly audit   '@rollup/rollup-linux-x64-gnu': [ '4.62.2' ],
593 silly audit   '@rollup/rollup-linux-x64-musl': [ '4.62.2' ],
593 silly audit   '@rollup/rollup-openbsd-x64': [ '4.62.2' ],
593 silly audit   '@rollup/rollup-openharmony-arm64': [ '4.62.2' ],
593 silly audit   '@rollup/rollup-win32-arm64-msvc': [ '4.62.2' ],
593 silly audit   '@rollup/rollup-win32-ia32-msvc': [ '4.62.2' ],
593 silly audit   '@rollup/rollup-win32-x64-gnu': [ '4.62.2' ],
593 silly audit   '@rollup/rollup-win32-x64-msvc': [ '4.62.2' ],
593 silly audit   '@types/estree': [ '1.0.9' ]
593 silly audit }
594 http cache @types/estree@https://registry.npmjs.org/@types/estree/-/estree-1.0.9.tgz 0ms (cache hit)
595 http cache @rollup/rollup-win32-x64-msvc@https://registry.npmjs.org/@rollup/rollup-win32-x64-msvc/-/rollup-win32-x64-msvc-4.62.2.tgz 0ms (cache hit)
596 http cache @rollup/rollup-win32-x64-gnu@https://registry.npmjs.org/@rollup/rollup-win32-x64-gnu/-/rollup-win32-x64-gnu-4.62.2.tgz 0ms (cache hit)
597 http cache @esbuild/win32-x64@https://registry.npmjs.org/@esbuild/win32-x64/-/win32-x64-0.19.12.tgz 0ms (cache hit)
598 http cache rollup@https://registry.npmjs.org/rollup/-/rollup-4.62.2.tgz 0ms (cache hit)
599 http cache esbuild@https://registry.npmjs.org/esbuild/-/esbuild-0.19.12.tgz 0ms (cache hit)
600 http cache yallist@https://registry.npmjs.org/yallist/-/yallist-3.1.1.tgz 0ms (cache hit)
601 http cache node-releases@https://registry.npmjs.org/node-releases/-/node-releases-2.0.50.tgz 0ms (cache hit)
602 http cache update-browserslist-db@https://registry.npmjs.org/update-browserslist-db/-/update-browserslist-db-1.2.3.tgz 0ms (cache hit)
603 http cache electron-to-chromium@https://registry.npmjs.org/electron-to-chromium/-/electron-to-chromium-1.5.387.tgz 0ms (cache hit)
604 http cache @types/babel__traverse@https://registry.npmjs.org/@types/babel__traverse/-/babel__traverse-7.28.0.tgz 0ms (cache hit)
605 http cache @types/babel__template@https://registry.npmjs.org/@types/babel__template/-/babel__template-7.4.4.tgz 0ms (cache hit)
606 http cache caniuse-lite@https://registry.npmjs.org/caniuse-lite/-/caniuse-lite-1.0.30001800.tgz 0ms (cache hit)
607 http cache @jridgewell/resolve-uri@https://registry.npmjs.org/@jridgewell/resolve-uri/-/resolve-uri-3.1.2.tgz 0ms (cache hit)
608 http cache @types/babel__generator@https://registry.npmjs.org/@types/babel__generator/-/babel__generator-7.27.0.tgz 0ms (cache hit)
609 http cache baseline-browser-mapping@https://registry.npmjs.org/baseline-browser-mapping/-/baseline-browser-mapping-2.10.41.tgz 0ms (cache hit)
610 http cache @jridgewell/sourcemap-codec@https://registry.npmjs.org/@jridgewell/sourcemap-codec/-/sourcemap-codec-1.5.5.tgz 0ms (cache hit)
611 http cache @babel/helper-string-parser@https://registry.npmjs.org/@babel/helper-string-parser/-/helper-string-parser-7.29.7.tgz 0ms (cache hit)
612 http cache @babel/helper-plugin-utils@https://registry.npmjs.org/@babel/helper-plugin-utils/-/helper-plugin-utils-7.29.7.tgz 0ms (cache hit)
613 http cache lru-cache@https://registry.npmjs.org/lru-cache/-/lru-cache-5.1.1.tgz 0ms (cache hit)
614 http cache browserslist@https://registry.npmjs.org/browserslist/-/browserslist-4.28.4.tgz 0ms (cache hit)
615 http cache @jridgewell/trace-mapping@https://registry.npmjs.org/@jridgewell/trace-mapping/-/trace-mapping-0.3.31.tgz 0ms (cache hit)
616 http cache @babel/helper-globals@https://registry.npmjs.org/@babel/helper-globals/-/helper-globals-7.29.7.tgz 0ms (cache hit)
617 http cache @babel/helper-module-imports@https://registry.npmjs.org/@babel/helper-module-imports/-/helper-module-imports-7.29.7.tgz 0ms (cache hit)
618 http cache jsesc@https://registry.npmjs.org/jsesc/-/jsesc-3.1.0.tgz 0ms (cache hit)
619 http cache @babel/compat-data@https://registry.npmjs.org/@babel/compat-data/-/compat-data-7.29.7.tgz 0ms (cache hit)
620 http cache @babel/helper-validator-option@https://registry.npmjs.org/@babel/helper-validator-option/-/helper-validator-option-7.29.7.tgz 0ms (cache hit)
621 http cache @jridgewell/gen-mapping@https://registry.npmjs.org/@jridgewell/gen-mapping/-/gen-mapping-0.3.13.tgz 0ms (cache hit)
622 http cache @babel/helper-validator-identifier@https://registry.npmjs.org/@babel/helper-validator-identifier/-/helper-validator-identifier-7.29.7.tgz 0ms (cache hit)
623 http cache @babel/traverse@https://registry.npmjs.org/@babel/traverse/-/traverse-7.29.7.tgz 0ms (cache hit)
624 http cache @babel/types@https://registry.npmjs.org/@babel/types/-/types-7.29.7.tgz 0ms (cache hit)
625 http cache @babel/template@https://registry.npmjs.org/@babel/template/-/template-7.29.7.tgz 0ms (cache hit)
626 http cache @babel/parser@https://registry.npmjs.org/@babel/parser/-/parser-7.29.7.tgz 0ms (cache hit)
627 http cache json5@https://registry.npmjs.org/json5/-/json5-2.2.3.tgz 0ms (cache hit)
628 http cache gensync@https://registry.npmjs.org/gensync/-/gensync-1.0.0-beta.2.tgz 0ms (cache hit)
629 http cache @babel/helpers@https://registry.npmjs.org/@babel/helpers/-/helpers-7.29.7.tgz 0ms (cache hit)
630 http cache convert-source-map@https://registry.npmjs.org/convert-source-map/-/convert-source-map-2.0.0.tgz 0ms (cache hit)
631 http cache @babel/generator@https://registry.npmjs.org/@babel/generator/-/generator-7.29.7.tgz 0ms (cache hit)
632 http cache @jridgewell/remapping@https://registry.npmjs.org/@jridgewell/remapping/-/remapping-2.3.5.tgz 0ms (cache hit)
633 http cache react-refresh@https://registry.npmjs.org/react-refresh/-/react-refresh-0.14.2.tgz 0ms (cache hit)
634 http cache @babel/code-frame@https://registry.npmjs.org/@babel/code-frame/-/code-frame-7.29.7.tgz 0ms (cache hit)
635 http cache @types/babel__core@https://registry.npmjs.org/@types/babel__core/-/babel__core-7.20.5.tgz 0ms (cache hit)
636 http cache @vitejs/plugin-react@https://registry.npmjs.org/@vitejs/plugin-react/-/plugin-react-4.2.1.tgz 0ms (cache hit)
637 http cache @babel/helper-compilation-targets@https://registry.npmjs.org/@babel/helper-compilation-targets/-/helper-compilation-targets-7.29.7.tgz 1ms (cache hit)
638 http cache vite@https://registry.npmjs.org/vite/-/vite-5.0.0.tgz 0ms (cache hit)
639 http cache @babel/helper-module-transforms@https://registry.npmjs.org/@babel/helper-module-transforms/-/helper-module-transforms-7.29.7.tgz 0ms (cache hit)
640 silly tarball no local data for @types/estree@https://registry.npmjs.org/@types/estree/-/estree-1.0.9.tgz. Extracting by manifest.
641 silly tarball no local data for @rollup/rollup-win32-x64-msvc@https://registry.npmjs.org/@rollup/rollup-win32-x64-msvc/-/rollup-win32-x64-msvc-4.62.2.tgz. Extracting by manifest.
642 silly tarball no local data for @rollup/rollup-win32-x64-gnu@https://registry.npmjs.org/@rollup/rollup-win32-x64-gnu/-/rollup-win32-x64-gnu-4.62.2.tgz. Extracting by manifest.
643 silly tarball no local data for @esbuild/win32-x64@https://registry.npmjs.org/@esbuild/win32-x64/-/win32-x64-0.19.12.tgz. Extracting by manifest.
644 silly tarball no local data for rollup@https://registry.npmjs.org/rollup/-/rollup-4.62.2.tgz. Extracting by manifest.
645 silly tarball no local data for esbuild@https://registry.npmjs.org/esbuild/-/esbuild-0.19.12.tgz. Extracting by manifest.
646 http cache @babel/plugin-transform-react-jsx-source@https://registry.npmjs.org/@babel/plugin-transform-react-jsx-source/-/plugin-transform-react-jsx-source-7.29.7.tgz 0ms (cache hit)
647 silly tarball no local data for yallist@https://registry.npmjs.org/yallist/-/yallist-3.1.1.tgz. Extracting by manifest.
648 http cache @babel/plugin-transform-react-jsx-self@https://registry.npmjs.org/@babel/plugin-transform-react-jsx-self/-/plugin-transform-react-jsx-self-7.29.7.tgz 0ms (cache hit)
649 silly tarball no local data for node-releases@https://registry.npmjs.org/node-releases/-/node-releases-2.0.50.tgz. Extracting by manifest.
650 http cache @babel/core@https://registry.npmjs.org/@babel/core/-/core-7.29.7.tgz 0ms (cache hit)
651 silly tarball no local data for update-browserslist-db@https://registry.npmjs.org/update-browserslist-db/-/update-browserslist-db-1.2.3.tgz. Extracting by manifest.
652 silly tarball no local data for electron-to-chromium@https://registry.npmjs.org/electron-to-chromium/-/electron-to-chromium-1.5.387.tgz. Extracting by manifest.
653 silly tarball no local data for @types/babel__traverse@https://registry.npmjs.org/@types/babel__traverse/-/babel__traverse-7.28.0.tgz. Extracting by manifest.
654 silly tarball no local data for @types/babel__template@https://registry.npmjs.org/@types/babel__template/-/babel__template-7.4.4.tgz. Extracting by manifest.
655 silly tarball no local data for caniuse-lite@https://registry.npmjs.org/caniuse-lite/-/caniuse-lite-1.0.30001800.tgz. Extracting by manifest.
656 silly tarball no local data for @jridgewell/resolve-uri@https://registry.npmjs.org/@jridgewell/resolve-uri/-/resolve-uri-3.1.2.tgz. Extracting by manifest.
657 silly tarball no local data for @types/babel__generator@https://registry.npmjs.org/@types/babel__generator/-/babel__generator-7.27.0.tgz. Extracting by manifest.
658 silly tarball no local data for baseline-browser-mapping@https://registry.npmjs.org/baseline-browser-mapping/-/baseline-browser-mapping-2.10.41.tgz. Extracting by manifest.
659 silly tarball no local data for @jridgewell/sourcemap-codec@https://registry.npmjs.org/@jridgewell/sourcemap-codec/-/sourcemap-codec-1.5.5.tgz. Extracting by manifest.
660 silly tarball no local data for @babel/helper-string-parser@https://registry.npmjs.org/@babel/helper-string-parser/-/helper-string-parser-7.29.7.tgz. Extracting by manifest.
661 silly tarball no local data for @babel/helper-plugin-utils@https://registry.npmjs.org/@babel/helper-plugin-utils/-/helper-plugin-utils-7.29.7.tgz. Extracting by manifest.
662 silly tarball no local data for lru-cache@https://registry.npmjs.org/lru-cache/-/lru-cache-5.1.1.tgz. Extracting by manifest.
663 silly tarball no local data for browserslist@https://registry.npmjs.org/browserslist/-/browserslist-4.28.4.tgz. Extracting by manifest.
664 silly tarball no local data for @jridgewell/trace-mapping@https://registry.npmjs.org/@jridgewell/trace-mapping/-/trace-mapping-0.3.31.tgz. Extracting by manifest.
665 silly tarball no local data for @babel/helper-globals@https://registry.npmjs.org/@babel/helper-globals/-/helper-globals-7.29.7.tgz. Extracting by manifest.
666 silly tarball no local data for @babel/helper-module-imports@https://registry.npmjs.org/@babel/helper-module-imports/-/helper-module-imports-7.29.7.tgz. Extracting by manifest.
667 silly tarball no local data for jsesc@https://registry.npmjs.org/jsesc/-/jsesc-3.1.0.tgz. Extracting by manifest.
668 silly tarball no local data for @babel/compat-data@https://registry.npmjs.org/@babel/compat-data/-/compat-data-7.29.7.tgz. Extracting by manifest.
669 silly tarball no local data for @babel/helper-validator-option@https://registry.npmjs.org/@babel/helper-validator-option/-/helper-validator-option-7.29.7.tgz. Extracting by manifest.
670 silly tarball no local data for @jridgewell/gen-mapping@https://registry.npmjs.org/@jridgewell/gen-mapping/-/gen-mapping-0.3.13.tgz. Extracting by manifest.
671 silly tarball no local data for @babel/helper-validator-identifier@https://registry.npmjs.org/@babel/helper-validator-identifier/-/helper-validator-identifier-7.29.7.tgz. Extracting by manifest.
672 silly tarball no local data for @babel/traverse@https://registry.npmjs.org/@babel/traverse/-/traverse-7.29.7.tgz. Extracting by manifest.
673 silly tarball no local data for @babel/types@https://registry.npmjs.org/@babel/types/-/types-7.29.7.tgz. Extracting by manifest.
674 silly tarball no local data for @babel/template@https://registry.npmjs.org/@babel/template/-/template-7.29.7.tgz. Extracting by manifest.
675 silly tarball no local data for @babel/parser@https://registry.npmjs.org/@babel/parser/-/parser-7.29.7.tgz. Extracting by manifest.
676 silly tarball no local data for json5@https://registry.npmjs.org/json5/-/json5-2.2.3.tgz. Extracting by manifest.
677 silly tarball no local data for gensync@https://registry.npmjs.org/gensync/-/gensync-1.0.0-beta.2.tgz. Extracting by manifest.
678 silly tarball no local data for @babel/helpers@https://registry.npmjs.org/@babel/helpers/-/helpers-7.29.7.tgz. Extracting by manifest.
679 silly tarball no local data for convert-source-map@https://registry.npmjs.org/convert-source-map/-/convert-source-map-2.0.0.tgz. Extracting by manifest.
680 silly tarball no local data for @babel/generator@https://registry.npmjs.org/@babel/generator/-/generator-7.29.7.tgz. Extracting by manifest.
681 silly tarball no local data for @jridgewell/remapping@https://registry.npmjs.org/@jridgewell/remapping/-/remapping-2.3.5.tgz. Extracting by manifest.
682 silly tarball no local data for react-refresh@https://registry.npmjs.org/react-refresh/-/react-refresh-0.14.2.tgz. Extracting by manifest.
683 silly tarball no local data for @babel/code-frame@https://registry.npmjs.org/@babel/code-frame/-/code-frame-7.29.7.tgz. Extracting by manifest.
684 silly tarball no local data for @types/babel__core@https://registry.npmjs.org/@types/babel__core/-/babel__core-7.20.5.tgz. Extracting by manifest.
685 silly tarball no local data for @vitejs/plugin-react@https://registry.npmjs.org/@vitejs/plugin-react/-/plugin-react-4.2.1.tgz. Extracting by manifest.
686 silly tarball no local data for @babel/helper-compilation-targets@https://registry.npmjs.org/@babel/helper-compilation-targets/-/helper-compilation-targets-7.29.7.tgz. Extracting by manifest.
687 silly tarball no local data for vite@https://registry.npmjs.org/vite/-/vite-5.0.0.tgz. Extracting by manifest.
688 silly tarball no local data for @babel/helper-module-transforms@https://registry.npmjs.org/@babel/helper-module-transforms/-/helper-module-transforms-7.29.7.tgz. Extracting by manifest.
689 silly tarball no local data for @babel/plugin-transform-react-jsx-source@https://registry.npmjs.org/@babel/plugin-transform-react-jsx-source/-/plugin-transform-react-jsx-source-7.29.7.tgz. Extracting by manifest.
690 silly tarball no local data for @babel/plugin-transform-react-jsx-self@https://registry.npmjs.org/@babel/plugin-transform-react-jsx-self/-/plugin-transform-react-jsx-self-7.29.7.tgz. Extracting by manifest.
691 silly tarball no local data for @babel/core@https://registry.npmjs.org/@babel/core/-/core-7.29.7.tgz. Extracting by manifest.
692 http fetch POST 200 https://registry.npmjs.org/-/npm/v1/security/advisories/bulk 385ms
693 silly audit report {
693 silly audit report   axios: [
693 silly audit report     {
693 silly audit report       id: 1118607,
693 silly audit report       url: 'https://github.com/advisories/GHSA-q8qp-cvcw-x6jj',
693 silly audit report       title: 'Axios has prototype pollution read-side gadgets in HTTP adapter that allow credential injection and request hijacking',
693 silly audit report       severity: 'high',
693 silly audit report       vulnerable_versions: '>=1.0.0 <1.15.2',
693 silly audit report       cwe: [Array],
693 silly audit report       cvss: [Object]
693 silly audit report     },
693 silly audit report     {
693 silly audit report       id: 1119667,
693 silly audit report       url: 'https://github.com/advisories/GHSA-pjwm-pj3p-43mv',
693 silly audit report       title: "axios's shouldBypassProxy does not recognize IPv4-mapped IPv6 addresses, allowing NO_PROXY bypass (incomplete fix for CVE-2025-62718)",
693 silly audit report       severity: 'high',
693 silly audit report       vulnerable_versions: '>=1.0.0 <1.16.0',
693 silly audit report       cwe: [Array],
693 silly audit report       cvss: [Object]
693 silly audit report     },
693 silly audit report     {
693 silly audit report       id: 1120125,
693 silly audit report       url: 'https://github.com/advisories/GHSA-62hf-57xw-28j9',
693 silly audit report       title: 'Axios: unbounded recursion in toFormData causes DoS via deeply nested request data',
693 silly audit report       severity: 'moderate',
693 silly audit report       vulnerable_versions: '>=1.0.0 <1.15.1',
693 silly audit report       cwe: [Array],
693 silly audit report       cvss: [Object]
693 silly audit report     },
693 silly audit report     {
693 silly audit report       id: 1120547,
693 silly audit report       url: 'https://github.com/advisories/GHSA-hfxv-24rg-xrqf',
693 silly audit report       title: 'Axios: Regular Expression Denial of Service (ReDoS) via Cookie Name Injection',
693 silly audit report       severity: 'high',
693 silly audit report       vulnerable_versions: '>=1.0.0 <1.16.0',
693 silly audit report       cwe: [Array],
693 silly audit report       cvss: [Object]
693 silly audit report     },
693 silly audit report     {
693 silly audit report       id: 1120643,
693 silly audit report       url: 'https://github.com/advisories/GHSA-777c-7fjr-54vf',
693 silly audit report       title: 'Allocation of Resources Without Limits or Throttling in Axios',
693 silly audit report       severity: 'high',
693 silly audit report       vulnerable_versions: '>=1.7.0 <1.16.0',
693 silly audit report       cwe: [Array],
693 silly audit report       cvss: [Object]
693 silly audit report     },
693 silly audit report     {
693 silly audit report       id: 1120645,
693 silly audit report       url: 'https://github.com/advisories/GHSA-p92q-9vqr-4j8v',
693 silly audit report       title: 'Axios: Proxy-Authorization Credential Leak to Origin Server Across HTTP-to-HTTPS Redirect in Axios Node.js HTTP Adapter',
693 silly audit report       severity: 'high',
693 silly audit report       vulnerable_versions: '>=1.0.0 <1.16.0',
693 silly audit report       cwe: [Array],
693 silly audit report       cvss: [Object]
693 silly audit report     },
693 silly audit report     {
693 silly audit report       id: 1120647,
693 silly audit report       url: 'https://github.com/advisories/GHSA-j5f8-grm9-p9fc',
693 silly audit report       title: 'Axios: Proxy-Authorization header leaks to redirect target when proxy is re-evaluated to direct connection',
693 silly audit report       severity: 'high',
693 silly audit report       vulnerable_versions: '>=1.0.0 <1.16.0',
693 silly audit report       cwe: [Array],
693 silly audit report       cvss: [Object]
693 silly audit report     },
693 silly audit report     {
693 silly audit report       id: 1120649,
693 silly audit report       url: 'https://github.com/advisories/GHSA-3g43-6gmg-66jw',
693 silly audit report       title: 'axios Vulnerable to Credential Theft and Response Hijacking via Prototype Pollution Gadget in Config Merge',
693 silly audit report       severity: 'high',
693 silly audit report       vulnerable_versions: '>=1.0.0 <1.15.2',
693 silly audit report       cwe: [Array],
693 silly audit report       cvss: [Object]
693 silly audit report     },
693 silly audit report     {
693 silly audit report       id: 1120650,
693 silly audit report       url: 'https://github.com/advisories/GHSA-35jp-ww65-95wh',
693 silly audit report       title: 'axios Vulnerable to Full Man-in-the-Middle via Prototype Pollution Gadget in `config.proxy`',
693 silly audit report       severity: 'high',
693 silly audit report       vulnerable_versions: '>=1.0.0 <1.16.0',
693 silly audit report       cwe: [Array],
693 silly audit report       cvss: [Object]
693 silly audit report     },
693 silly audit report     {
693 silly audit report       id: 1120652,
693 silly audit report       url: 'https://github.com/advisories/GHSA-898c-q2cr-xwhg',
693 silly audit report       title: 'axios has DoS & Header Injection via Prototype Pollution Read-Side Gadgets in axios merge functions',
693 silly audit report       severity: 'moderate',
693 silly audit report       vulnerable_versions: '>=1.0.0 <1.16.0',
693 silly audit report       cwe: [Array],
693 silly audit report       cvss: [Object]
693 silly audit report     },
693 silly audit report     {
693 silly audit report       id: 1117574,
693 silly audit report       url: 'https://github.com/advisories/GHSA-w9j2-pvgh-6h63',
693 silly audit report       title: 'Axios: Authentication Bypass via Prototype Pollution Gadget in `validateStatus` Merge Strategy',
693 silly audit report       severity: 'moderate',
693 silly audit report       vulnerable_versions: '>=1.0.0 <1.15.1',
693 silly audit report       cwe: [Array],
693 silly audit report       cvss: [Object]
693 silly audit report     },
693 silly audit report     {
693 silly audit report       id: 1117576,
693 silly audit report       url: 'https://github.com/advisories/GHSA-pmwg-cvhr-8vh7',
693 silly audit report       title: 'Axios: Incomplete Fix for CVE-2025-62718 — NO_PROXY Protection Bypassed via RFC 1122 Loopback Subnet (127.0.0.0/8) in Axios 1.15.0',
693 silly audit report       severity: 'high',
693 silly audit report       vulnerable_versions: '>=1.0.0 <1.15.1',
693 silly audit report       cwe: [Array],
693 silly audit report       cvss: [Object]
693 silly audit report     },
693 silly audit report     {
693 silly audit report       id: 1117577,
693 silly audit report       url: 'https://github.com/advisories/GHSA-3w6x-2g7m-8v23',
693 silly audit report       title: 'Axios: Invisible JSON Response Tampering via Prototype Pollution Gadget in `parseReviver`',
693 silly audit report       severity: 'moderate',
693 silly audit report       vulnerable_versions: '>=1.0.0 <1.15.2',
693 silly audit report       cwe: [Array],
693 silly audit report       cvss: [Object]
693 silly audit report     },
693 silly audit report     {
693 silly audit report       id: 1117580,
693 silly audit report       url: 'https://github.com/advisories/GHSA-xhjh-pmcv-23jw',
693 silly audit report       title: 'Axios: Null Byte Injection via Reverse-Encoding in AxiosURLSearchParams',
693 silly audit report       severity: 'low',
693 silly audit report       vulnerable_versions: '>=1.0.0 <1.15.1',
693 silly audit report       cwe: [Array],
693 silly audit report       cvss: [Object]
693 silly audit report     },
693 silly audit report     {
693 silly audit report       id: 1117581,
693 silly audit report       url: 'https://github.com/advisories/GHSA-445q-vr5w-6q77',
693 silly audit report       title: 'Axios: CRLF Injection in multipart/form-data body via unsanitized blob.type in formDataToStream',
693 silly audit report       severity: 'moderate',
693 silly audit report       vulnerable_versions: '>=1.0.0 <1.15.1',
693 silly audit report       cwe: [Array],
693 silly audit report       cvss: [Object]
693 silly audit report     },
693 silly audit report     {
693 silly audit report       id: 1117583,
693 silly audit report       url: 'https://github.com/advisories/GHSA-m7pr-hjqh-92cm',
693 silly audit report       title: 'Axios: no_proxy bypass via IP alias allows SSRF',
693 silly audit report       severity: 'moderate',
693 silly audit report       vulnerable_versions: '>=1.0.0 <1.15.1',
693 silly audit report       cwe: [Array],
693 silly audit report       cvss: [Object]
693 silly audit report     },
693 silly audit report     {
693 silly audit report       id: 1117587,
693 silly audit report       url: 'https://github.com/advisories/GHSA-5c9x-8gcm-mpgx',
693 silly audit report       title: "Axios' HTTP adapter-streamed uploads bypass maxBodyLength when maxRedirects: 0",
693 silly audit report       severity: 'moderate',
693 silly audit report       vulnerable_versions: '>=1.0.0 <1.15.1',
693 silly audit report       cwe: [Array],
693 silly audit report       cvss: [Object]
693 silly audit report     },
693 silly audit report     {
693 silly audit report       id: 1117589,
693 silly audit report       url: 'https://github.com/advisories/GHSA-vf2m-468p-8v99',
693 silly audit report       title: 'Axios: HTTP adapter streamed responses bypass maxContentLength',
693 silly audit report       severity: 'moderate',
693 silly audit report       vulnerable_versions: '>=1.0.0 <1.15.1',
693 silly audit report       cwe: [Array],
693 silly audit report       cvss: [Object]
693 silly audit report     },
693 silly audit report     {
693 silly audit report       id: 1117591,
693 silly audit report       url: 'https://github.com/advisories/GHSA-pf86-5x62-jrwf',
693 silly audit report       title: 'Axios: Prototype Pollution Gadgets - Response Tampering, Data Exfiltration, and Request Hijacking',
693 silly audit report       severity: 'high',
693 silly audit report       vulnerable_versions: '>=1.0.0 <1.15.1',
693 silly audit report       cwe: [Array],
693 silly audit report       cvss: [Object]
693 silly audit report     },
693 silly audit report     {
693 silly audit report       id: 1117593,
693 silly audit report       url: 'https://github.com/advisories/GHSA-6chq-wfr3-2hj9',
693 silly audit report       title: 'Axios: Header Injection via Prototype Pollution',
693 silly audit report       severity: 'high',
693 silly audit report       vulnerable_versions: '>=1.0.0 <1.15.1',
693 silly audit report       cwe: [Array],
693 silly audit report       cvss: [Object]
693 silly audit report     },
693 silly audit report     {
693 silly audit report       id: 1117595,
693 silly audit report       url: 'https://github.com/advisories/GHSA-xx6v-rp6x-q39c',
693 silly audit report       title: 'Axios: XSRF Token Cross-Origin Leakage via Prototype Pollution Gadget in `withXSRFToken` Boolean Coercion',
693 silly audit report       severity: 'moderate',
693 silly audit report       vulnerable_versions: '>=1.0.0 <1.15.1',
693 silly audit report       cwe: [Array],
693 silly audit report       cvss: [Object]
693 silly audit report     }
693 silly audit report   ],
693 silly audit report   'follow-redirects': [
693 silly audit report     {
693 silly audit report       id: 1116560,
693 silly audit report       url: 'https://github.com/advisories/GHSA-r4q5-vmmm-2653',
693 silly audit report       title: 'follow-redirects leaks Custom Authentication Headers to Cross-Domain Redirect Targets',
693 silly audit report       severity: 'moderate',
693 silly audit report       vulnerable_versions: '<=1.15.11',
693 silly audit report       cwe: [Array],
693 silly audit report       cvss: [Object]
693 silly audit report     }
693 silly audit report   ],
693 silly audit report   'form-data': [
693 silly audit report     {
693 silly audit report       id: 1120743,
693 silly audit report       url: 'https://github.com/advisories/GHSA-hmw2-7cc7-3qxx',
693 silly audit report       title: 'form-data: CRLF injection in form-data via unescaped multipart field names and filenames',
693 silly audit report       severity: 'high',
693 silly audit report       vulnerable_versions: '>=4.0.0 <4.0.6',
693 silly audit report       cwe: [Array],
693 silly audit report       cvss: [Object]
693 silly audit report     }
693 silly audit report   ],
693 silly audit report   'js-yaml': [
693 silly audit report     {
693 silly audit report       id: 1121860,
693 silly audit report       url: 'https://github.com/advisories/GHSA-h67p-54hq-rp68',
693 silly audit report       title: 'JS-YAML: Quadratic-complexity DoS in merge key handling via repeated aliases',
693 silly audit report       severity: 'moderate',
693 silly audit report       vulnerable_versions: '>=4.0.0 <=4.1.1',
693 silly audit report       cwe: [Array],
693 silly audit report       cvss: [Object]
693 silly audit report     }
693 silly audit report   ],
693 silly audit report   'react-router': [
693 silly audit report     {
693 silly audit report       id: 1120064,
693 silly audit report       url: 'https://github.com/advisories/GHSA-2j2x-hqr9-3h42',
693 silly audit report       title: "React Router's same-origin redirect with path starting // causes open redirect via protocol-relative URL reinterpretation",
693 silly audit report       severity: 'moderate',
693 silly audit report       vulnerable_versions: '>=6.7.0 <6.30.4',
693 silly audit report       cwe: [Array],
693 silly audit report       cvss: [Object]
693 silly audit report     }
693 silly audit report   ],
693 silly audit report   'shell-quote': [
693 silly audit report     {
693 silly audit report       id: 1120422,
693 silly audit report       url: 'https://github.com/advisories/GHSA-w7jw-789q-3m8p',
693 silly audit report       title: 'shell-quote quote() does not escape newlines in object .op values',
693 silly audit report       severity: 'critical',
693 silly audit report       vulnerable_versions: '>=1.1.0 <=1.8.3',
693 silly audit report       cwe: [Array],
693 silly audit report       cvss: [Object]
693 silly audit report     }
693 silly audit report   ],
693 silly audit report   ws: [
693 silly audit report     {
693 silly audit report       id: 1119108,
693 silly audit report       url: 'https://github.com/advisories/GHSA-58qx-3vcg-4xpx',
693 silly audit report       title: 'ws: Uninitialized memory disclosure',
693 silly audit report       severity: 'moderate',
693 silly audit report       vulnerable_versions: '>=8.0.0 <8.20.1',
693 silly audit report       cwe: [Array],
693 silly audit report       cvss: [Object]
693 silly audit report     },
693 silly audit report     {
693 silly audit report       id: 1120730,
693 silly audit report       url: 'https://github.com/advisories/GHSA-96hv-2xvq-fx4p',
693 silly audit report       title: 'ws: Memory exhaustion DoS from tiny fragments and data chunks',
693 silly audit report       severity: 'high',
693 silly audit report       vulnerable_versions: '>=8.0.0 <8.21.0',
693 silly audit report       cwe: [Array],
693 silly audit report       cvss: [Object]
693 silly audit report     }
693 silly audit report   ],
693 silly audit report   vite: [
693 silly audit report     {
693 silly audit report       id: 1099687,
693 silly audit report       url: 'https://github.com/advisories/GHSA-9cwx-2883-4wfx',
693 silly audit report       title: "Vite's `server.fs.deny` is bypassed when using `?import&raw`",
693 silly audit report       severity: 'moderate',
693 silly audit report       vulnerable_versions: '>=5.0.0 <=5.1.7',
693 silly audit report       cwe: [Array],
693 silly audit report       cvss: [Object]
693 silly audit report     },
693 silly audit report     {
693 silly audit report       id: 1099689,
693 silly audit report       url: 'https://github.com/advisories/GHSA-64vr-g452-qvp3',
693 silly audit report       title: 'Vite DOM Clobbering gadget found in vite bundled scripts that leads to XSS',
693 silly audit report       severity: 'moderate',
693 silly audit report       vulnerable_versions: '>=5.0.0 <5.1.8',
693 silly audit report       cwe: [Array],
693 silly audit report       cvss: [Object]
693 silly audit report     },
693 silly audit report     {
693 silly audit report       id: 1102437,
693 silly audit report       url: 'https://github.com/advisories/GHSA-vg6x-rcgg-rjx6',
693 silly audit report       title: 'Websites were able to send any requests to the development server and read the response in vite',
693 silly audit report       severity: 'moderate',
693 silly audit report       vulnerable_versions: '>=5.0.0 <=5.4.11',
693 silly audit report       cwe: [Array],
693 silly audit report       cvss: [Object]
693 silly audit report     },
693 silly audit report     {
693 silly audit report       id: 1103517,
693 silly audit report       url: 'https://github.com/advisories/GHSA-x574-m823-4x7w',
693 silly audit report       title: 'Vite bypasses server.fs.deny when using ?raw??',
693 silly audit report       severity: 'moderate',
693 silly audit report       vulnerable_versions: '>=5.0.0 <5.4.15',
693 silly audit report       cwe: [Array],
693 silly audit report       cvss: [Object]
693 silly audit report     },
693 silly audit report     {
693 silly audit report       id: 1103884,
693 silly audit report       url: 'https://github.com/advisories/GHSA-356w-63v5-8wf4',
693 silly audit report       title: 'Vite has an `server.fs.deny` bypass with an invalid `request-target`',
693 silly audit report       severity: 'moderate',
693 silly audit report       vulnerable_versions: '>=5.0.0 <5.4.18',
693 silly audit report       cwe: [Array],
693 silly audit report       cvss: [Object]
693 silly audit report     },
693 silly audit report     {
693 silly audit report       id: 1104173,
693 silly audit report       url: 'https://github.com/advisories/GHSA-859w-5945-r5v3',
693 silly audit report       title: "Vite's server.fs.deny bypassed with /. for files under project root",
693 silly audit report       severity: 'moderate',
693 silly audit report       vulnerable_versions: '>=5.0.0 <=5.4.18',
693 silly audit report       cwe: [Array],
693 silly audit report       cvss: [Object]
693 silly audit report     },
693 silly audit report     {
693 silly audit report       id: 1104202,
693 silly audit report       url: 'https://github.com/advisories/GHSA-xcj6-pq6g-qj4x',
693 silly audit report       title: 'Vite allows server.fs.deny to be bypassed with .svg or relative paths',
693 silly audit report       severity: 'moderate',
693 silly audit report       vulnerable_versions: '>=5.0.0 <5.4.17',
693 silly audit report       cwe: [Array],
693 silly audit report       cvss: [Object]
693 silly audit report     },
693 silly audit report     {
693 silly audit report       id: 1107323,
693 silly audit report       url: 'https://github.com/advisories/GHSA-g4jq-h2w9-997c',
693 silly audit report       title: 'Vite middleware may serve files starting with the same name with the public directory',
693 silly audit report       severity: 'low',
693 silly audit report       vulnerable_versions: '<=5.4.19',
693 silly audit report       cwe: [Array],
693 silly audit report       cvss: [Object]
693 silly audit report     },
693 silly audit report     {
693 silly audit report       id: 1107327,
693 silly audit report       url: 'https://github.com/advisories/GHSA-jqfw-vq24-v9c3',
693 silly audit report       title: "Vite's `server.fs` settings were not applied to HTML files",
693 silly audit report       severity: 'low',
693 silly audit report       vulnerable_versions: '<=5.4.19',
693 silly audit report       cwe: [Array],
693 silly audit report       cvss: [Object]
693 silly audit report     },
693 silly audit report     {
693 silly audit report       id: 1112511,
693 silly audit report       url: 'https://github.com/advisories/GHSA-4r4m-qw57-chr8',
693 silly audit report       title: 'Vite has a `server.fs.deny` bypassed for `inline` and `raw` with `?import` query',
693 silly audit report       severity: 'moderate',
693 silly audit report       vulnerable_versions: '>=5.0.0 <5.4.16',
693 silly audit report       cwe: [Array],
693 silly audit report       cvss: [Object]
693 silly audit report     },
693 silly audit report     {
693 silly audit report       id: 1120061,
693 silly audit report       url: 'https://github.com/advisories/GHSA-c27g-q93r-2cwf',
693 silly audit report       title: 'launch-editor vulnerable to command injection via the crafted request on Windows',
693 silly audit report       severity: 'high',
693 silly audit report       vulnerable_versions: '<=5.4.8',
693 silly audit report       cwe: [Array],
693 silly audit report       cvss: [Object]
693 silly audit report     },
693 silly audit report     {
693 silly audit report       id: 1120784,
693 silly audit report       url: 'https://github.com/advisories/GHSA-v6wh-96g9-6wx3',
693 silly audit report       title: 'launch-editor: NTLMv2 hash disclosure via UNC path handling on Windows',
693 silly audit report       severity: 'moderate',
693 silly audit report       vulnerable_versions: '<=6.4.2',
693 silly audit report       cwe: [Array],
693 silly audit report       cvss: [Object]
693 silly audit report     },
693 silly audit report     {
693 silly audit report       id: 1120789,
693 silly audit report       url: 'https://github.com/advisories/GHSA-fx2h-pf6j-xcff',
693 silly audit report       title: 'vite: `server.fs.deny` bypass on Windows alternate paths',
693 silly audit report       severity: 'high',
693 silly audit report       vulnerable_versions: '<=6.4.2',
693 silly audit report       cwe: [Array],
693 silly audit report       cvss: [Object]
693 silly audit report     },
693 silly audit report     {
693 silly audit report       id: 1095178,
693 silly audit report       url: 'https://github.com/advisories/GHSA-92r3-m2mg-pj97',
693 silly audit report       title: 'Vite XSS vulnerability in `server.transformIndexHtml` via URL payload',
693 silly audit report       severity: 'moderate',
693 silly audit report       vulnerable_versions: '>=5.0.0 <5.0.5',
693 silly audit report       cwe: [Array],
693 silly audit report       cvss: [Object]
693 silly audit report     },
693 silly audit report     {
693 silly audit report       id: 1116229,
693 silly audit report       url: 'https://github.com/advisories/GHSA-4w7w-66w2-5vf9',
693 silly audit report       title: 'Vite Vulnerable to Path Traversal in Optimized Deps `.map` Handling',
693 silly audit report       severity: 'moderate',
693 silly audit report       vulnerable_versions: '<=6.4.1',
693 silly audit report       cwe: [Array],
693 silly audit report       cvss: [Object]
693 silly audit report     },
693 silly audit report     {
693 silly audit report       id: 1095466,
693 silly audit report       url: 'https://github.com/advisories/GHSA-c24v-8rfc-w8vw',
693 silly audit report       title: 'Vite dev server option `server.fs.deny` can be bypassed when hosted on case-insensitive filesystem',
693 silly audit report       severity: 'high',
693 silly audit report       vulnerable_versions: '>=5.0.0 <=5.0.11',
693 silly audit report       cwe: [Array],
693 silly audit report       cvss: [Object]
693 silly audit report     },
693 silly audit report     {
693 silly audit report       id: 1096894,
693 silly audit report       url: 'https://github.com/advisories/GHSA-8jhw-289h-jh2g',
693 silly audit report       title: "Vite's `server.fs.deny` did not deny requests for patterns with directories.",
693 silly audit report       severity: 'moderate',
693 silly audit report       vulnerable_versions: '>=5.0.0 <=5.0.12',
693 silly audit report       cwe: [Array],
693 silly audit report       cvss: [Object]
693 silly audit report     }
693 silly audit report   ],
693 silly audit report   esbuild: [
693 silly audit report     {
693 silly audit report       id: 1102341,
693 silly audit report       url: 'https://github.com/advisories/GHSA-67mh-4wv8-2f99',
693 silly audit report       title: 'esbuild enables any website to send any requests to the development server and read the response',
693 silly audit report       severity: 'moderate',
693 silly audit report       vulnerable_versions: '<=0.24.2',
693 silly audit report       cwe: [Array],
693 silly audit report       cvss: [Object]
693 silly audit report     }
693 silly audit report   ]
693 silly audit report }
694 silly packumentCache corgi:https://registry.npmjs.org/axios cache-miss
695 silly packumentCache corgi:https://registry.npmjs.org/follow-redirects cache-miss
696 silly packumentCache corgi:https://registry.npmjs.org/form-data cache-miss
697 silly packumentCache corgi:https://registry.npmjs.org/js-yaml cache-miss
698 silly packumentCache corgi:https://registry.npmjs.org/react-router cache-miss
699 silly packumentCache corgi:https://registry.npmjs.org/shell-quote cache-miss
700 silly packumentCache corgi:https://registry.npmjs.org/ws cache-miss
701 silly packumentCache corgi:https://registry.npmjs.org/vite cache-miss
702 silly packumentCache corgi:https://registry.npmjs.org/esbuild cache-miss
703 http fetch GET 200 https://registry.npmjs.org/@types/babel__generator/-/babel__generator-7.27.0.tgz 869ms (cache miss)
704 http fetch GET 200 https://registry.npmjs.org/@types/estree/-/estree-1.0.9.tgz 936ms (cache miss)
705 http fetch GET 200 https://registry.npmjs.org/lru-cache/-/lru-cache-5.1.1.tgz 970ms (cache miss)
706 http fetch GET 200 https://registry.npmjs.org/@babel/helper-string-parser/-/helper-string-parser-7.29.7.tgz 989ms (cache miss)
707 http fetch GET 200 https://registry.npmjs.org/@babel/helper-plugin-utils/-/helper-plugin-utils-7.29.7.tgz 1042ms (cache miss)
708 http fetch GET 200 https://registry.npmjs.org/@babel/helper-globals/-/helper-globals-7.29.7.tgz 1263ms (cache miss)
709 http fetch GET 200 https://registry.npmjs.org/jsesc/-/jsesc-3.1.0.tgz 1281ms (cache miss)
710 http fetch GET 200 https://registry.npmjs.org/@types/babel__template/-/babel__template-7.4.4.tgz 1321ms (cache miss)
711 http fetch GET 200 https://registry.npmjs.org/yallist/-/yallist-3.1.1.tgz 1341ms (cache miss)
712 http fetch GET 200 https://registry.npmjs.org/esbuild/-/esbuild-0.19.12.tgz 1349ms (cache miss)
713 http fetch GET 200 https://registry.npmjs.org/@babel/compat-data/-/compat-data-7.29.7.tgz 1455ms (cache miss)
714 http fetch GET 200 https://registry.npmjs.org/node-releases/-/node-releases-2.0.50.tgz 1516ms (cache miss)
715 http fetch GET 200 https://registry.npmjs.org/update-browserslist-db/-/update-browserslist-db-1.2.3.tgz 1545ms (cache miss)
716 http fetch GET 200 https://registry.npmjs.org/@types/babel__traverse/-/babel__traverse-7.28.0.tgz 1656ms (cache miss)
717 http fetch GET 200 https://registry.npmjs.org/browserslist/-/browserslist-4.28.4.tgz 1649ms (cache miss)
718 http fetch GET 200 https://registry.npmjs.org/baseline-browser-mapping/-/baseline-browser-mapping-2.10.41.tgz 1671ms (cache miss)
719 http fetch GET 200 https://registry.npmjs.org/@jridgewell/resolve-uri/-/resolve-uri-3.1.2.tgz 1767ms (cache miss)
720 http fetch GET 200 https://registry.npmjs.org/@babel/helper-validator-option/-/helper-validator-option-7.29.7.tgz 1827ms (cache miss)
721 http fetch GET 200 https://registry.npmjs.org/@babel/helper-module-imports/-/helper-module-imports-7.29.7.tgz 1842ms (cache miss)
722 http fetch GET 200 https://registry.npmjs.org/convert-source-map/-/convert-source-map-2.0.0.tgz 1995ms (cache miss)
723 http fetch GET 200 https://registry.npmjs.org/electron-to-chromium/-/electron-to-chromium-1.5.387.tgz 3791ms (cache miss)
724 http fetch GET 200 https://registry.npmjs.org/@babel/helper-validator-identifier/-/helper-validator-identifier-7.29.7.tgz 3846ms (cache miss)
725 http fetch GET 200 https://registry.npmjs.org/form-data 3510ms (cache revalidated)
726 silly packumentCache corgi:https://registry.npmjs.org/form-data set size:55002 disposed:false
727 http fetch GET 200 https://registry.npmjs.org/follow-redirects 3516ms (cache revalidated)
728 silly packumentCache corgi:https://registry.npmjs.org/follow-redirects set size:88479 disposed:false
729 http fetch GET 200 https://registry.npmjs.org/react-router 3520ms (cache revalidated)
730 silly packumentCache corgi:https://registry.npmjs.org/react-router set size:1343777 disposed:false
731 http fetch GET 200 https://registry.npmjs.org/js-yaml 3547ms (cache revalidated)
732 silly packumentCache corgi:https://registry.npmjs.org/js-yaml set size:65913 disposed:false
733 http fetch GET 200 https://registry.npmjs.org/shell-quote 3546ms (cache revalidated)
734 silly packumentCache corgi:https://registry.npmjs.org/shell-quote set size:28310 disposed:false
735 http fetch GET 200 https://registry.npmjs.org/ws 3547ms (cache revalidated)
736 silly packumentCache corgi:https://registry.npmjs.org/ws set size:199711 disposed:false
737 http fetch GET 200 https://registry.npmjs.org/axios 3573ms (cache revalidated)
738 silly packumentCache corgi:https://registry.npmjs.org/axios set size:297980 disposed:false
739 http fetch GET 200 https://registry.npmjs.org/vite 3570ms (cache revalidated)
740 silly packumentCache corgi:https://registry.npmjs.org/vite set size:2279626 disposed:false
741 http fetch GET 200 https://registry.npmjs.org/@babel/plugin-transform-react-jsx-self/-/plugin-transform-react-jsx-self-7.29.7.tgz 5291ms (cache miss)
742 http fetch GET 200 https://registry.npmjs.org/@babel/plugin-transform-react-jsx-source/-/plugin-transform-react-jsx-source-7.29.7.tgz 5358ms (cache miss)
743 http fetch GET 200 https://registry.npmjs.org/@types/babel__core/-/babel__core-7.20.5.tgz 5986ms (cache miss)
744 http fetch GET 200 https://registry.npmjs.org/@babel/code-frame/-/code-frame-7.29.7.tgz 6244ms (cache miss)
745 http fetch GET 200 https://registry.npmjs.org/gensync/-/gensync-1.0.0-beta.2.tgz 6438ms (cache miss)
746 http fetch GET 200 https://registry.npmjs.org/react-refresh/-/react-refresh-0.14.2.tgz 6495ms (cache miss)
747 http fetch GET 200 https://registry.npmjs.org/@vitejs/plugin-react/-/plugin-react-4.2.1.tgz 6679ms (cache miss)
748 http fetch GET 200 https://registry.npmjs.org/@jridgewell/sourcemap-codec/-/sourcemap-codec-1.5.5.tgz 6983ms (cache miss)
749 http fetch GET 200 https://registry.npmjs.org/json5/-/json5-2.2.3.tgz 7830ms (cache miss)
750 http fetch GET 200 https://registry.npmjs.org/esbuild 7602ms (cache miss)
751 silly packumentCache corgi:https://registry.npmjs.org/esbuild set size:undefined disposed:false
752 http fetch GET 200 https://registry.npmjs.org/@rollup/rollup-win32-x64-msvc/-/rollup-win32-x64-msvc-4.62.2.tgz 8126ms (cache miss)
753 http fetch GET 200 https://registry.npmjs.org/@rollup/rollup-win32-x64-gnu/-/rollup-win32-x64-gnu-4.62.2.tgz 8453ms (cache miss)
754 silly packumentCache corgi:https://registry.npmjs.org/razorpay cache-miss
755 http fetch GET 200 https://registry.npmjs.org/@babel/helper-compilation-targets/-/helper-compilation-targets-7.29.7.tgz 8468ms (cache miss)
756 http fetch GET 200 https://registry.npmjs.org/@babel/template/-/template-7.29.7.tgz 8546ms (cache miss)
757 http fetch GET 200 https://registry.npmjs.org/@babel/helper-module-transforms/-/helper-module-transforms-7.29.7.tgz 8581ms (cache miss)
758 http fetch GET 200 https://registry.npmjs.org/razorpay 473ms (cache revalidated)
759 silly packumentCache corgi:https://registry.npmjs.org/razorpay set size:43519 disposed:false
760 http fetch GET 200 https://registry.npmjs.org/@jridgewell/gen-mapping/-/gen-mapping-0.3.13.tgz 9017ms (cache miss)
761 http fetch GET 200 https://registry.npmjs.org/@babel/parser/-/parser-7.29.7.tgz 9229ms (cache miss)
762 silly packumentCache corgi:https://registry.npmjs.org/@eslint%2feslintrc cache-miss
763 silly packumentCache corgi:https://registry.npmjs.org/eslint cache-miss
764 http fetch GET 200 https://registry.npmjs.org/@eslint%2feslintrc 310ms (cache revalidated)
765 silly packumentCache corgi:https://registry.npmjs.org/@eslint%2feslintrc set size:83205 disposed:false
766 http fetch GET 200 https://registry.npmjs.org/eslint 317ms (cache revalidated)
767 silly packumentCache corgi:https://registry.npmjs.org/eslint set size:1166243 disposed:false
768 silly packumentCache corgi:https://registry.npmjs.org/react-router-dom cache-miss
769 http fetch GET 200 https://registry.npmjs.org/@jridgewell/remapping/-/remapping-2.3.5.tgz 9636ms (cache miss)
770 http fetch GET 200 https://registry.npmjs.org/react-router-dom 217ms (cache revalidated)
771 silly packumentCache corgi:https://registry.npmjs.org/react-router-dom set size:1061588 disposed:false
772 silly packumentCache corgi:https://registry.npmjs.org/concurrently cache-miss
773 http fetch GET 200 https://registry.npmjs.org/concurrently 234ms (cache revalidated)
774 silly packumentCache corgi:https://registry.npmjs.org/concurrently set size:109079 disposed:false
775 silly packumentCache corgi:https://registry.npmjs.org/engine.io-client cache-miss
776 http fetch GET 200 https://registry.npmjs.org/@jridgewell/trace-mapping/-/trace-mapping-0.3.31.tgz 10135ms (cache miss)
777 http fetch GET 200 https://registry.npmjs.org/engine.io-client 93ms (cache revalidated)
778 silly packumentCache corgi:https://registry.npmjs.org/engine.io-client set size:224596 disposed:false
779 silly packumentCache corgi:https://registry.npmjs.org/@vitejs%2fplugin-react cache-miss
780 http fetch GET 200 https://registry.npmjs.org/rollup/-/rollup-4.62.2.tgz 10301ms (cache miss)
781 http fetch GET 200 https://registry.npmjs.org/@vitejs%2fplugin-react 114ms (cache revalidated)
782 silly packumentCache corgi:https://registry.npmjs.org/@vitejs%2fplugin-react set size:115032 disposed:false
783 silly packumentCache corgi:https://registry.npmjs.org/socket.io-client cache-miss
784 http fetch GET 200 https://registry.npmjs.org/@babel/generator/-/generator-7.29.7.tgz 11095ms (cache miss)
785 http fetch GET 200 https://registry.npmjs.org/socket.io-client 247ms (cache revalidated)
786 silly packumentCache corgi:https://registry.npmjs.org/socket.io-client set size:195399 disposed:false
787 http fetch GET 200 https://registry.npmjs.org/vite/-/vite-5.0.0.tgz 11518ms (cache miss)
788 http fetch GET 200 https://registry.npmjs.org/@babel/traverse/-/traverse-7.29.7.tgz 11999ms (cache miss)
789 http fetch GET 200 https://registry.npmjs.org/@esbuild/win32-x64/-/win32-x64-0.19.12.tgz 12057ms (cache miss)
790 http fetch GET 200 https://registry.npmjs.org/@babel/core/-/core-7.29.7.tgz 15017ms (cache miss)
791 http fetch GET 200 https://registry.npmjs.org/@babel/types/-/types-7.29.7.tgz 16993ms (cache miss)
792 http fetch GET 200 https://registry.npmjs.org/@babel/helpers/-/helpers-7.29.7.tgz 17751ms (cache miss)
793 http fetch GET 200 https://registry.npmjs.org/caniuse-lite/-/caniuse-lite-1.0.30001800.tgz 22605ms (cache miss)
794 info run esbuild@0.19.12 postinstall node_modules/esbuild node install.js
795 info run esbuild@0.19.12 postinstall { code: 0, signal: null }
796 silly ADD node_modules/@types/estree
797 silly ADD node_modules/@rollup/rollup-win32-x64-msvc
798 silly ADD node_modules/@rollup/rollup-win32-x64-gnu
799 silly ADD node_modules/@esbuild/win32-x64
800 silly ADD node_modules/rollup
801 silly ADD node_modules/esbuild
802 silly ADD node_modules/yallist
803 silly ADD node_modules/update-browserslist-db
804 silly ADD node_modules/node-releases
805 silly ADD node_modules/electron-to-chromium
806 silly ADD node_modules/caniuse-lite
807 silly ADD node_modules/baseline-browser-mapping
808 silly ADD node_modules/@types/babel__traverse
809 silly ADD node_modules/@types/babel__template
810 silly ADD node_modules/@types/babel__generator
811 silly ADD node_modules/@jridgewell/resolve-uri
812 silly ADD node_modules/@jridgewell/sourcemap-codec
813 silly ADD node_modules/@babel/helper-string-parser
814 silly ADD node_modules/@babel/helper-globals
815 silly ADD node_modules/@babel/helper-plugin-utils
816 silly ADD node_modules/@babel/helper-module-imports
817 silly ADD node_modules/lru-cache
818 silly ADD node_modules/browserslist
819 silly ADD node_modules/@babel/helper-validator-option
820 silly ADD node_modules/@babel/compat-data
821 silly ADD node_modules/jsesc
822 silly ADD node_modules/@jridgewell/trace-mapping
823 silly ADD node_modules/@jridgewell/gen-mapping
824 silly ADD node_modules/@babel/helper-validator-identifier
825 silly ADD node_modules/json5
826 silly ADD node_modules/gensync
827 silly ADD node_modules/convert-source-map
828 silly ADD node_modules/@jridgewell/remapping
829 silly ADD node_modules/@babel/types
830 silly ADD node_modules/@babel/traverse
831 silly ADD node_modules/@babel/template
832 silly ADD node_modules/@babel/parser
833 silly ADD node_modules/@babel/helpers
834 silly ADD node_modules/@babel/helper-module-transforms
835 silly ADD node_modules/@babel/helper-compilation-targets
836 silly ADD node_modules/@babel/generator
837 silly ADD node_modules/@babel/code-frame
838 silly ADD node_modules/react-refresh
839 silly ADD node_modules/@types/babel__core
840 silly ADD node_modules/@babel/plugin-transform-react-jsx-source
841 silly ADD node_modules/@babel/plugin-transform-react-jsx-self
842 silly ADD node_modules/@babel/core
843 silly REMOVE node_modules/@emnapi/wasi-threads
844 silly REMOVE node_modules/@oxc-project/types
845 silly CHANGE node_modules/@vitejs/plugin-react
846 silly REMOVE node_modules/@rolldown/pluginutils
847 silly REMOVE node_modules/@rolldown/binding-win32-x64-msvc
848 silly CHANGE node_modules/vite
849 silly REMOVE node_modules/tinyglobby
850 silly REMOVE node_modules/rolldown
851 silly REMOVE node_modules/picomatch
852 silly REMOVE node_modules/lightningcss-win32-x64-msvc
853 silly REMOVE node_modules/lightningcss
854 silly REMOVE node_modules/fdir
855 silly REMOVE node_modules/detect-libc
856 verbose cwd D:\MINI PROJECT\food-delivery-app\frontend
857 verbose os Windows_NT 10.0.26200
858 verbose node v24.12.0
859 verbose npm  v11.6.2
860 verbose exit 0
861 info ok
