0 verbose cli C:\Program Files\nodejs\node.exe C:\Program Files\nodejs\node_modules\npm\bin\npm-cli.js
1 info using npm@11.6.2
2 info using node@v24.12.0
3 silly config load:file:C:\Program Files\nodejs\node_modules\npm\npmrc
4 silly config load:file:C:\Users\CodexSandboxOnline\.codex\.sandbox\cwd\ab3cfb7158f0b281\.npmrc
5 silly config load:file:C:\Users\jaisw\.npmrc
6 silly config load:file:C:\Users\jaisw\AppData\Roaming\npm\etc\npmrc
7 verbose title npm install vite@latest @vitejs/plugin-react@latest
8 verbose argv "install" "vite@latest" "@vitejs/plugin-react@latest" "--save-dev" "--cache" ".\\.npm-cache"
9 verbose logfile logs-max:10 dir:C:\Users\CodexSandboxOnline\.codex\.sandbox\cwd\ab3cfb7158f0b281\.npm-cache\_logs\2026-07-04T13_08_19_232Z-
10 verbose logfile C:\Users\CodexSandboxOnline\.codex\.sandbox\cwd\ab3cfb7158f0b281\.npm-cache\_logs\2026-07-04T13_08_19_232Z-debug-0.log
11 silly logfile done cleaning log files
12 silly packumentCache heap:2348810240 maxSize:587202560 maxEntrySize:293601280
13 silly packumentCache corgi:https://registry.npmjs.org/vite cache-miss
14 silly packumentCache corgi:https://registry.npmjs.org/@vitejs%2fplugin-react cache-miss
15 http fetch GET 200 https://registry.npmjs.org/npm 1791ms
16 http fetch GET 200 https://registry.npmjs.org/@vitejs%2fplugin-react 1209ms (cache miss)
17 silly packumentCache corgi:https://registry.npmjs.org/@vitejs%2fplugin-react set size:undefined disposed:false
18 http fetch GET 200 https://registry.npmjs.org/vite 1263ms (cache miss)
19 silly packumentCache corgi:https://registry.npmjs.org/vite set size:undefined disposed:false
20 silly idealTree buildDeps
21 silly fetch manifest @vitejs/plugin-react@6.0.3
22 silly packumentCache full:https://registry.npmjs.org/@vitejs%2fplugin-react cache-miss
23 http fetch GET 200 https://registry.npmjs.org/@vitejs%2fplugin-react 165ms (cache miss)
24 silly packumentCache full:https://registry.npmjs.org/@vitejs%2fplugin-react set size:undefined disposed:false
25 silly fetch manifest @rolldown/plugin-babel@^0.1.7 || ^0.2.0
26 silly packumentCache full:https://registry.npmjs.org/@rolldown%2fplugin-babel cache-miss
27 http fetch GET 200 https://registry.npmjs.org/@rolldown%2fplugin-babel 81ms (cache miss)
28 silly packumentCache full:https://registry.npmjs.org/@rolldown%2fplugin-babel set size:undefined disposed:false
29 silly fetch manifest @babel/core@^7.29.0 || ^8.0.0-rc.1
30 silly packumentCache full:https://registry.npmjs.org/@babel%2fcore cache-miss
31 http fetch GET 200 https://registry.npmjs.org/@babel%2fcore 227ms (cache miss)
32 silly packumentCache full:https://registry.npmjs.org/@babel%2fcore set size:undefined disposed:false
33 silly fetch manifest @babel/plugin-transform-runtime@^7.29.0 || ^8.0.0-rc.1
34 silly packumentCache full:https://registry.npmjs.org/@babel%2fplugin-transform-runtime cache-miss
35 http fetch GET 200 https://registry.npmjs.org/@babel%2fplugin-transform-runtime 167ms (cache miss)
36 silly packumentCache full:https://registry.npmjs.org/@babel%2fplugin-transform-runtime set size:undefined disposed:false
37 silly fetch manifest @babel/runtime@^7.27.0 || ^8.0.0-rc.1
38 silly packumentCache full:https://registry.npmjs.org/@babel%2fruntime cache-miss
39 http fetch GET 200 https://registry.npmjs.org/@babel%2fruntime 424ms (cache miss)
40 silly packumentCache full:https://registry.npmjs.org/@babel%2fruntime set size:undefined disposed:false
41 silly fetch manifest rolldown@^1.0.0-rc.5
42 silly packumentCache full:https://registry.npmjs.org/rolldown cache-miss
43 http fetch GET 200 https://registry.npmjs.org/rolldown 334ms (cache miss)
44 silly packumentCache full:https://registry.npmjs.org/rolldown set size:undefined disposed:false
45 silly fetch manifest vite@8.1.3
46 silly packumentCache full:https://registry.npmjs.org/vite cache-miss
47 http fetch GET 200 https://registry.npmjs.org/vite 2763ms (cache miss)
48 silly packumentCache full:https://registry.npmjs.org/vite set size:undefined disposed:false
49 silly fetch manifest @types/node@^20.19.0 || >=22.12.0
50 silly packumentCache full:https://registry.npmjs.org/@types%2fnode cache-miss
51 http fetch GET 200 https://registry.npmjs.org/@types%2fnode 899ms (cache miss)
52 silly packumentCache full:https://registry.npmjs.org/@types%2fnode set size:undefined disposed:false
53 silly fetch manifest @vitejs/devtools@^0.3.0
54 silly packumentCache full:https://registry.npmjs.org/@vitejs%2fdevtools cache-miss
55 http fetch GET 200 https://registry.npmjs.org/@vitejs%2fdevtools 118ms (cache miss)
56 silly packumentCache full:https://registry.npmjs.org/@vitejs%2fdevtools set size:undefined disposed:false
57 silly fetch manifest esbuild@^0.27.0 || ^0.28.0
58 silly packumentCache full:https://registry.npmjs.org/esbuild cache-miss
59 http fetch GET 200 https://registry.npmjs.org/esbuild 266ms (cache miss)
60 silly packumentCache full:https://registry.npmjs.org/esbuild set size:undefined disposed:false
61 silly fetch manifest jiti@>=1.21.0
62 silly packumentCache full:https://registry.npmjs.org/jiti cache-miss
63 http fetch GET 200 https://registry.npmjs.org/jiti 123ms (cache miss)
64 silly packumentCache full:https://registry.npmjs.org/jiti set size:undefined disposed:false
65 silly fetch manifest less@^4.0.0
66 silly packumentCache full:https://registry.npmjs.org/less cache-miss
67 http fetch GET 200 https://registry.npmjs.org/less 101ms (cache miss)
68 silly packumentCache full:https://registry.npmjs.org/less set size:undefined disposed:false
69 silly fetch manifest sass@^1.70.0
70 silly packumentCache full:https://registry.npmjs.org/sass cache-miss
71 http fetch GET 200 https://registry.npmjs.org/sass 191ms (cache miss)
72 silly packumentCache full:https://registry.npmjs.org/sass set size:undefined disposed:false
73 silly fetch manifest sass-embedded@^1.70.0
74 silly packumentCache full:https://registry.npmjs.org/sass-embedded cache-miss
75 http fetch GET 200 https://registry.npmjs.org/sass-embedded 194ms (cache miss)
76 silly packumentCache full:https://registry.npmjs.org/sass-embedded set size:undefined disposed:false
77 silly fetch manifest stylus@>=0.54.8
78 silly packumentCache full:https://registry.npmjs.org/stylus cache-miss
79 http fetch GET 200 https://registry.npmjs.org/stylus 162ms (cache miss)
80 silly packumentCache full:https://registry.npmjs.org/stylus set size:undefined disposed:false
81 silly fetch manifest sugarss@^5.0.0
82 silly packumentCache full:https://registry.npmjs.org/sugarss cache-miss
83 http fetch GET 200 https://registry.npmjs.org/sugarss 93ms (cache miss)
84 silly packumentCache full:https://registry.npmjs.org/sugarss set size:undefined disposed:false
85 silly fetch manifest postcss@^8.3.3
86 silly packumentCache full:https://registry.npmjs.org/postcss cache-miss
87 http fetch GET 200 https://registry.npmjs.org/postcss 310ms (cache miss)
88 silly packumentCache full:https://registry.npmjs.org/postcss set size:undefined disposed:false
89 silly fetch manifest terser@^5.16.0
90 silly packumentCache full:https://registry.npmjs.org/terser cache-miss
91 http fetch GET 200 https://registry.npmjs.org/terser 281ms (cache miss)
92 silly packumentCache full:https://registry.npmjs.org/terser set size:undefined disposed:false
93 silly fetch manifest tsx@^4.8.1
94 silly packumentCache full:https://registry.npmjs.org/tsx cache-miss
95 http fetch GET 200 https://registry.npmjs.org/tsx 131ms (cache miss)
96 silly packumentCache full:https://registry.npmjs.org/tsx set size:undefined disposed:false
97 silly fetch manifest yaml@^2.4.2
98 silly packumentCache full:https://registry.npmjs.org/yaml cache-miss
99 http fetch GET 200 https://registry.npmjs.org/yaml 151ms (cache miss)
100 silly packumentCache full:https://registry.npmjs.org/yaml set size:undefined disposed:false
101 silly fetch manifest babel-plugin-react-compiler@^1.0.0
102 silly packumentCache full:https://registry.npmjs.org/babel-plugin-react-compiler cache-miss
103 http fetch GET 200 https://registry.npmjs.org/babel-plugin-react-compiler 199ms (cache miss)
104 silly packumentCache full:https://registry.npmjs.org/babel-plugin-react-compiler set size:undefined disposed:false
105 silly placeDep ROOT @vitejs/plugin-react@6.0.3 REPLACE for: quickbite-react@1.0.0 want: 6.0.3
106 silly placeDep ROOT vite@8.1.3 OK for: @vitejs/plugin-react@6.0.3 want: ^8.0.0
107 silly placeDep ROOT vite@8.1.3 REPLACE for: quickbite-react@1.0.0 want: 8.1.3
108 silly fetch manifest @rolldown/pluginutils@^1.0.1
109 silly packumentCache full:https://registry.npmjs.org/@rolldown%2fpluginutils cache-miss
110 silly fetch manifest lightningcss@^1.32.0
111 silly packumentCache full:https://registry.npmjs.org/lightningcss cache-miss
112 silly fetch manifest picomatch@^4.0.4
113 silly packumentCache full:https://registry.npmjs.org/picomatch cache-miss
114 silly fetch manifest postcss@^8.5.16
115 silly packumentCache full:https://registry.npmjs.org/postcss cache-miss
116 silly fetch manifest rolldown@~1.1.3
117 silly packumentCache full:https://registry.npmjs.org/rolldown cache-miss
118 silly fetch manifest tinyglobby@^0.2.17
119 silly packumentCache full:https://registry.npmjs.org/tinyglobby cache-miss
120 silly fetch manifest fsevents@~2.3.3
121 silly packumentCache full:https://registry.npmjs.org/fsevents cache-miss
122 http cache https://registry.npmjs.org/postcss 157ms (cache hit)
123 silly packumentCache full:https://registry.npmjs.org/postcss set size:726591 disposed:false
124 silly fetch manifest lightningcss@^1.32.0
125 silly packumentCache full:https://registry.npmjs.org/lightningcss cache-miss
126 http cache https://registry.npmjs.org/rolldown 216ms (cache hit)
127 silly packumentCache full:https://registry.npmjs.org/rolldown set size:3749697 disposed:false
128 silly fetch manifest picomatch@^4.0.4
129 silly packumentCache full:https://registry.npmjs.org/picomatch cache-miss
130 http fetch GET 200 https://registry.npmjs.org/lightningcss 466ms (cache miss)
131 silly packumentCache full:https://registry.npmjs.org/lightningcss set size:undefined disposed:false
132 silly fetch manifest tinyglobby@^0.2.17
133 silly packumentCache full:https://registry.npmjs.org/tinyglobby cache-miss
134 http fetch GET 200 https://registry.npmjs.org/picomatch 498ms (cache miss)
135 silly packumentCache full:https://registry.npmjs.org/picomatch set size:undefined disposed:false
136 silly fetch manifest fsevents@~2.3.3
137 silly packumentCache full:https://registry.npmjs.org/fsevents cache-miss
138 http fetch GET 200 https://registry.npmjs.org/lightningcss 322ms (cache miss)
139 silly packumentCache full:https://registry.npmjs.org/lightningcss set size:undefined disposed:false
140 http fetch GET 200 https://registry.npmjs.org/picomatch 211ms (cache miss)
141 silly packumentCache full:https://registry.npmjs.org/picomatch set size:undefined disposed:false
142 http fetch GET 200 https://registry.npmjs.org/@rolldown%2fpluginutils 562ms (cache miss)
143 silly packumentCache full:https://registry.npmjs.org/@rolldown%2fpluginutils set size:undefined disposed:false
144 http fetch GET 200 https://registry.npmjs.org/tinyglobby 127ms (cache miss)
145 silly packumentCache full:https://registry.npmjs.org/tinyglobby set size:undefined disposed:false
146 http fetch GET 200 https://registry.npmjs.org/tinyglobby 598ms (cache miss)
147 silly packumentCache full:https://registry.npmjs.org/tinyglobby set size:undefined disposed:false
148 http fetch GET 200 https://registry.npmjs.org/fsevents 135ms (cache miss)
149 silly packumentCache full:https://registry.npmjs.org/fsevents set size:undefined disposed:false
150 http fetch GET 200 https://registry.npmjs.org/fsevents 645ms (cache miss)
151 silly packumentCache full:https://registry.npmjs.org/fsevents set size:undefined disposed:false
152 silly placeDep ROOT @rolldown/pluginutils@1.0.1 OK for: @vitejs/plugin-react@6.0.3 want: ^1.0.1
153 silly placeDep ROOT fsevents@2.3.3 OK for: vite@8.1.3 want: ~2.3.3
154 silly placeDep ROOT lightningcss@1.32.0 OK for: vite@8.1.3 want: ^1.32.0
155 silly placeDep ROOT picomatch@4.0.5 OK for: vite@8.1.3 want: ^4.0.4
156 silly placeDep ROOT postcss@8.5.16 OK for: vite@8.1.3 want: ^8.5.16
157 silly placeDep ROOT rolldown@1.1.4 OK for: vite@8.1.3 want: ~1.1.3
158 silly placeDep ROOT tinyglobby@0.2.17 OK for: vite@8.1.3 want: ^0.2.17
159 silly fetch manifest detect-libc@^2.0.3
160 silly packumentCache full:https://registry.npmjs.org/detect-libc cache-miss
161 silly fetch manifest lightningcss-darwin-x64@1.32.0
162 silly packumentCache full:https://registry.npmjs.org/lightningcss-darwin-x64 cache-miss
163 silly fetch manifest lightningcss-linux-x64-gnu@1.32.0
164 silly packumentCache full:https://registry.npmjs.org/lightningcss-linux-x64-gnu cache-miss
165 silly fetch manifest lightningcss-win32-x64-msvc@1.32.0
166 silly packumentCache full:https://registry.npmjs.org/lightningcss-win32-x64-msvc cache-miss
167 silly fetch manifest lightningcss-win32-arm64-msvc@1.32.0
168 silly packumentCache full:https://registry.npmjs.org/lightningcss-win32-arm64-msvc cache-miss
169 silly fetch manifest lightningcss-darwin-arm64@1.32.0
170 silly packumentCache full:https://registry.npmjs.org/lightningcss-darwin-arm64 cache-miss
171 silly fetch manifest lightningcss-linux-arm64-gnu@1.32.0
172 silly packumentCache full:https://registry.npmjs.org/lightningcss-linux-arm64-gnu cache-miss
173 http fetch GET 200 https://registry.npmjs.org/detect-libc 112ms (cache miss)
174 silly packumentCache full:https://registry.npmjs.org/detect-libc set size:undefined disposed:false
175 silly fetch manifest lightningcss-linux-arm-gnueabihf@1.32.0
176 silly packumentCache full:https://registry.npmjs.org/lightningcss-linux-arm-gnueabihf cache-miss
177 http fetch GET 200 https://registry.npmjs.org/lightningcss-linux-x64-gnu 141ms (cache miss)
178 silly packumentCache full:https://registry.npmjs.org/lightningcss-linux-x64-gnu set size:undefined disposed:false
179 silly fetch manifest lightningcss-linux-arm64-musl@1.32.0
180 silly packumentCache full:https://registry.npmjs.org/lightningcss-linux-arm64-musl cache-miss
181 http fetch GET 200 https://registry.npmjs.org/lightningcss-win32-x64-msvc 151ms (cache miss)
182 silly packumentCache full:https://registry.npmjs.org/lightningcss-win32-x64-msvc set size:undefined disposed:false
183 silly fetch manifest lightningcss-linux-x64-musl@1.32.0
184 silly packumentCache full:https://registry.npmjs.org/lightningcss-linux-x64-musl cache-miss
185 http fetch GET 200 https://registry.npmjs.org/lightningcss-darwin-x64 193ms (cache miss)
186 silly packumentCache full:https://registry.npmjs.org/lightningcss-darwin-x64 set size:undefined disposed:false
187 silly fetch manifest lightningcss-freebsd-x64@1.32.0
188 silly packumentCache full:https://registry.npmjs.org/lightningcss-freebsd-x64 cache-miss
189 http fetch GET 200 https://registry.npmjs.org/lightningcss-win32-arm64-msvc 234ms (cache miss)
190 silly packumentCache full:https://registry.npmjs.org/lightningcss-win32-arm64-msvc set size:undefined disposed:false
191 silly fetch manifest lightningcss-android-arm64@1.32.0
192 silly packumentCache full:https://registry.npmjs.org/lightningcss-android-arm64 cache-miss
193 http fetch GET 200 https://registry.npmjs.org/lightningcss-linux-arm-gnueabihf 144ms (cache miss)
194 silly packumentCache full:https://registry.npmjs.org/lightningcss-linux-arm-gnueabihf set size:undefined disposed:false
195 silly fetch manifest nanoid@^3.3.12
196 silly packumentCache full:https://registry.npmjs.org/nanoid cache-miss
197 http fetch GET 200 https://registry.npmjs.org/lightningcss-darwin-arm64 277ms (cache miss)
198 silly packumentCache full:https://registry.npmjs.org/lightningcss-darwin-arm64 set size:undefined disposed:false
199 silly fetch manifest picocolors@^1.1.1
200 silly packumentCache full:https://registry.npmjs.org/picocolors cache-miss
201 http fetch GET 200 https://registry.npmjs.org/lightningcss-linux-arm64-gnu 294ms (cache miss)
202 silly packumentCache full:https://registry.npmjs.org/lightningcss-linux-arm64-gnu set size:undefined disposed:false
203 silly fetch manifest source-map-js@^1.2.1
204 silly packumentCache full:https://registry.npmjs.org/source-map-js cache-miss
205 http fetch GET 200 https://registry.npmjs.org/lightningcss-linux-arm64-musl 171ms (cache miss)
206 silly packumentCache full:https://registry.npmjs.org/lightningcss-linux-arm64-musl set size:undefined disposed:false
207 silly fetch manifest @oxc-project/types@=0.138.0
208 silly packumentCache full:https://registry.npmjs.org/@oxc-project%2ftypes cache-miss
209 http fetch GET 200 https://registry.npmjs.org/lightningcss-freebsd-x64 140ms (cache miss)
210 silly packumentCache full:https://registry.npmjs.org/lightningcss-freebsd-x64 set size:undefined disposed:false
211 silly fetch manifest @rolldown/binding-darwin-x64@1.1.4
212 silly packumentCache full:https://registry.npmjs.org/@rolldown%2fbinding-darwin-x64 cache-miss
213 http fetch GET 200 https://registry.npmjs.org/lightningcss-linux-x64-musl 191ms (cache miss)
214 silly packumentCache full:https://registry.npmjs.org/lightningcss-linux-x64-musl set size:undefined disposed:false
215 silly fetch manifest @rolldown/binding-win32-x64-msvc@1.1.4
216 silly packumentCache full:https://registry.npmjs.org/@rolldown%2fbinding-win32-x64-msvc cache-miss
217 http fetch GET 200 https://registry.npmjs.org/lightningcss-android-arm64 248ms (cache miss)
218 silly packumentCache full:https://registry.npmjs.org/lightningcss-android-arm64 set size:undefined disposed:false
219 silly fetch manifest @rolldown/binding-linux-x64-gnu@1.1.4
220 silly packumentCache full:https://registry.npmjs.org/@rolldown%2fbinding-linux-x64-gnu cache-miss
221 http fetch GET 200 https://registry.npmjs.org/picocolors 244ms (cache miss)
222 silly packumentCache full:https://registry.npmjs.org/picocolors set size:undefined disposed:false
223 silly fetch manifest @rolldown/binding-linux-x64-musl@1.1.4
224 silly packumentCache full:https://registry.npmjs.org/@rolldown%2fbinding-linux-x64-musl cache-miss
225 http fetch GET 200 https://registry.npmjs.org/source-map-js 260ms (cache miss)
226 silly packumentCache full:https://registry.npmjs.org/source-map-js set size:undefined disposed:false
227 silly fetch manifest @rolldown/binding-freebsd-x64@1.1.4
228 silly packumentCache full:https://registry.npmjs.org/@rolldown%2fbinding-freebsd-x64 cache-miss
229 http fetch GET 200 https://registry.npmjs.org/@oxc-project%2ftypes 273ms (cache miss)
230 silly packumentCache full:https://registry.npmjs.org/@oxc-project%2ftypes set size:undefined disposed:false
231 silly fetch manifest @rolldown/binding-linux-arm-gnueabihf@1.1.4
232 silly packumentCache full:https://registry.npmjs.org/@rolldown%2fbinding-linux-arm-gnueabihf cache-miss
233 http fetch GET 200 https://registry.npmjs.org/nanoid 389ms (cache miss)
234 silly packumentCache full:https://registry.npmjs.org/nanoid set size:undefined disposed:false
235 silly fetch manifest @rolldown/binding-linux-arm64-gnu@1.1.4
236 silly packumentCache full:https://registry.npmjs.org/@rolldown%2fbinding-linux-arm64-gnu cache-miss
237 http fetch GET 200 https://registry.npmjs.org/@rolldown%2fbinding-freebsd-x64 531ms (cache miss)
238 silly packumentCache full:https://registry.npmjs.org/@rolldown%2fbinding-freebsd-x64 set size:undefined disposed:false
239 silly fetch manifest @rolldown/binding-darwin-arm64@1.1.4
240 silly packumentCache full:https://registry.npmjs.org/@rolldown%2fbinding-darwin-arm64 cache-miss
241 http fetch GET 200 https://registry.npmjs.org/@rolldown%2fbinding-win32-x64-msvc 862ms (cache miss)
242 silly packumentCache full:https://registry.npmjs.org/@rolldown%2fbinding-win32-x64-msvc set size:undefined disposed:false
243 silly fetch manifest @rolldown/binding-linux-arm64-musl@1.1.4
244 silly packumentCache full:https://registry.npmjs.org/@rolldown%2fbinding-linux-arm64-musl cache-miss
245 http fetch GET 200 https://registry.npmjs.org/@rolldown%2fbinding-darwin-x64 919ms (cache miss)
246 silly packumentCache full:https://registry.npmjs.org/@rolldown%2fbinding-darwin-x64 set size:undefined disposed:false
247 silly fetch manifest @rolldown/binding-openharmony-arm64@1.1.4
248 silly packumentCache full:https://registry.npmjs.org/@rolldown%2fbinding-openharmony-arm64 cache-miss
249 http fetch GET 200 https://registry.npmjs.org/@rolldown%2fbinding-linux-x64-musl 816ms (cache miss)
250 silly packumentCache full:https://registry.npmjs.org/@rolldown%2fbinding-linux-x64-musl set size:undefined disposed:false
251 silly fetch manifest @rolldown/binding-win32-arm64-msvc@1.1.4
252 silly packumentCache full:https://registry.npmjs.org/@rolldown%2fbinding-win32-arm64-msvc cache-miss
253 http fetch GET 200 https://registry.npmjs.org/@rolldown%2fbinding-linux-x64-gnu 960ms (cache miss)
254 silly packumentCache full:https://registry.npmjs.org/@rolldown%2fbinding-linux-x64-gnu set size:undefined disposed:false
255 silly fetch manifest @rolldown/binding-android-arm64@1.1.4
256 silly packumentCache full:https://registry.npmjs.org/@rolldown%2fbinding-android-arm64 cache-miss
257 http fetch GET 200 https://registry.npmjs.org/@rolldown%2fbinding-linux-arm64-gnu 753ms (cache miss)
258 silly packumentCache full:https://registry.npmjs.org/@rolldown%2fbinding-linux-arm64-gnu set size:undefined disposed:false
259 silly fetch manifest @rolldown/binding-wasm32-wasi@1.1.4
260 silly packumentCache full:https://registry.npmjs.org/@rolldown%2fbinding-wasm32-wasi cache-miss
261 http fetch GET 200 https://registry.npmjs.org/@rolldown%2fbinding-linux-arm-gnueabihf 924ms (cache miss)
262 silly packumentCache full:https://registry.npmjs.org/@rolldown%2fbinding-linux-arm-gnueabihf set size:undefined disposed:false
263 silly fetch manifest @rolldown/binding-linux-s390x-gnu@1.1.4
264 silly packumentCache full:https://registry.npmjs.org/@rolldown%2fbinding-linux-s390x-gnu cache-miss
265 http fetch GET 200 https://registry.npmjs.org/@rolldown%2fbinding-darwin-arm64 474ms (cache miss)
266 silly packumentCache full:https://registry.npmjs.org/@rolldown%2fbinding-darwin-arm64 set size:undefined disposed:false
267 silly fetch manifest @rolldown/binding-linux-ppc64-gnu@1.1.4
268 silly packumentCache full:https://registry.npmjs.org/@rolldown%2fbinding-linux-ppc64-gnu cache-miss
269 http fetch GET 200 https://registry.npmjs.org/@rolldown%2fbinding-openharmony-arm64 610ms (cache miss)
270 silly packumentCache full:https://registry.npmjs.org/@rolldown%2fbinding-openharmony-arm64 set size:undefined disposed:false
271 silly fetch manifest fdir@^6.5.0
272 silly packumentCache full:https://registry.npmjs.org/fdir cache-miss
273 http fetch GET 200 https://registry.npmjs.org/@rolldown%2fbinding-win32-arm64-msvc 518ms (cache miss)
274 silly packumentCache full:https://registry.npmjs.org/@rolldown%2fbinding-win32-arm64-msvc set size:undefined disposed:false
275 http fetch GET 200 https://registry.npmjs.org/@rolldown%2fbinding-android-arm64 471ms (cache miss)
276 silly packumentCache full:https://registry.npmjs.org/@rolldown%2fbinding-android-arm64 set size:undefined disposed:false
277 http fetch GET 200 https://registry.npmjs.org/@rolldown%2fbinding-linux-s390x-gnu 396ms (cache miss)
278 silly packumentCache full:https://registry.npmjs.org/@rolldown%2fbinding-linux-s390x-gnu set size:undefined disposed:false
279 http fetch GET 200 https://registry.npmjs.org/@rolldown%2fbinding-linux-ppc64-gnu 293ms (cache miss)
280 silly packumentCache full:https://registry.npmjs.org/@rolldown%2fbinding-linux-ppc64-gnu set size:undefined disposed:false
281 http fetch GET 200 https://registry.npmjs.org/fdir 139ms (cache miss)
282 silly packumentCache full:https://registry.npmjs.org/fdir set size:undefined disposed:false
283 http fetch GET 200 https://registry.npmjs.org/@rolldown%2fbinding-wasm32-wasi 527ms (cache miss)
284 silly packumentCache full:https://registry.npmjs.org/@rolldown%2fbinding-wasm32-wasi set size:undefined disposed:false
285 http fetch GET 200 https://registry.npmjs.org/@rolldown%2fbinding-linux-arm64-musl 835ms (cache miss)
286 silly packumentCache full:https://registry.npmjs.org/@rolldown%2fbinding-linux-arm64-musl set size:undefined disposed:false
287 silly placeDep ROOT detect-libc@2.1.2 OK for: lightningcss@1.32.0 want: ^2.0.3
288 silly placeDep ROOT lightningcss-android-arm64@1.32.0 OK for: lightningcss@1.32.0 want: 1.32.0
289 silly placeDep ROOT lightningcss-darwin-arm64@1.32.0 OK for: lightningcss@1.32.0 want: 1.32.0
290 silly placeDep ROOT lightningcss-darwin-x64@1.32.0 OK for: lightningcss@1.32.0 want: 1.32.0
291 silly placeDep ROOT lightningcss-freebsd-x64@1.32.0 OK for: lightningcss@1.32.0 want: 1.32.0
292 silly placeDep ROOT lightningcss-linux-arm-gnueabihf@1.32.0 OK for: lightningcss@1.32.0 want: 1.32.0
293 silly placeDep ROOT lightningcss-linux-arm64-gnu@1.32.0 OK for: lightningcss@1.32.0 want: 1.32.0
294 silly placeDep ROOT lightningcss-linux-arm64-musl@1.32.0 OK for: lightningcss@1.32.0 want: 1.32.0
295 silly placeDep ROOT lightningcss-linux-x64-gnu@1.32.0 OK for: lightningcss@1.32.0 want: 1.32.0
296 silly placeDep ROOT lightningcss-linux-x64-musl@1.32.0 OK for: lightningcss@1.32.0 want: 1.32.0
297 silly placeDep ROOT lightningcss-win32-arm64-msvc@1.32.0 OK for: lightningcss@1.32.0 want: 1.32.0
298 silly placeDep ROOT lightningcss-win32-x64-msvc@1.32.0 OK for: lightningcss@1.32.0 want: 1.32.0
299 silly placeDep ROOT nanoid@3.3.15 OK for: postcss@8.5.16 want: ^3.3.12
300 silly placeDep ROOT picocolors@1.1.1 OK for: postcss@8.5.16 want: ^1.1.1
301 silly placeDep ROOT source-map-js@1.2.1 OK for: postcss@8.5.16 want: ^1.2.1
302 silly placeDep ROOT @oxc-project/types@0.138.0 OK for: rolldown@1.1.4 want: =0.138.0
303 silly placeDep ROOT @rolldown/binding-android-arm64@1.1.4 OK for: rolldown@1.1.4 want: 1.1.4
304 silly placeDep ROOT @rolldown/binding-darwin-arm64@1.1.4 OK for: rolldown@1.1.4 want: 1.1.4
305 silly placeDep ROOT @rolldown/binding-darwin-x64@1.1.4 OK for: rolldown@1.1.4 want: 1.1.4
306 silly placeDep ROOT @rolldown/binding-freebsd-x64@1.1.4 OK for: rolldown@1.1.4 want: 1.1.4
307 silly placeDep ROOT @rolldown/binding-linux-arm-gnueabihf@1.1.4 OK for: rolldown@1.1.4 want: 1.1.4
308 silly placeDep ROOT @rolldown/binding-linux-arm64-gnu@1.1.4 OK for: rolldown@1.1.4 want: 1.1.4
309 silly placeDep ROOT @rolldown/binding-linux-arm64-musl@1.1.4 OK for: rolldown@1.1.4 want: 1.1.4
310 silly placeDep ROOT @rolldown/binding-linux-ppc64-gnu@1.1.4 OK for: rolldown@1.1.4 want: 1.1.4
311 silly placeDep ROOT @rolldown/binding-linux-s390x-gnu@1.1.4 OK for: rolldown@1.1.4 want: 1.1.4
312 silly placeDep ROOT @rolldown/binding-linux-x64-gnu@1.1.4 OK for: rolldown@1.1.4 want: 1.1.4
313 silly placeDep ROOT @rolldown/binding-linux-x64-musl@1.1.4 OK for: rolldown@1.1.4 want: 1.1.4
314 silly placeDep ROOT @rolldown/binding-openharmony-arm64@1.1.4 OK for: rolldown@1.1.4 want: 1.1.4
315 silly placeDep ROOT @rolldown/binding-wasm32-wasi@1.1.4 OK for: rolldown@1.1.4 want: 1.1.4
316 silly placeDep ROOT @rolldown/binding-win32-arm64-msvc@1.1.4 OK for: rolldown@1.1.4 want: 1.1.4
317 silly placeDep ROOT @rolldown/binding-win32-x64-msvc@1.1.4 OK for: rolldown@1.1.4 want: 1.1.4
318 silly fetch manifest @napi-rs/wasm-runtime@^1.1.6
319 silly packumentCache full:https://registry.npmjs.org/@napi-rs%2fwasm-runtime cache-miss
320 silly fetch manifest @emnapi/core@1.11.1
321 silly packumentCache full:https://registry.npmjs.org/@emnapi%2fcore cache-miss
322 silly fetch manifest @emnapi/runtime@1.11.1
323 silly packumentCache full:https://registry.npmjs.org/@emnapi%2fruntime cache-miss
324 http fetch GET 200 https://registry.npmjs.org/@napi-rs%2fwasm-runtime 81ms (cache miss)
325 silly packumentCache full:https://registry.npmjs.org/@napi-rs%2fwasm-runtime set size:undefined disposed:false
326 http fetch GET 200 https://registry.npmjs.org/@emnapi%2fcore 89ms (cache miss)
327 silly packumentCache full:https://registry.npmjs.org/@emnapi%2fcore set size:undefined disposed:false
328 http fetch GET 200 https://registry.npmjs.org/@emnapi%2fruntime 103ms (cache miss)
329 silly packumentCache full:https://registry.npmjs.org/@emnapi%2fruntime set size:undefined disposed:false
330 silly placeDep ROOT @emnapi/core@1.11.1 OK for: @rolldown/binding-wasm32-wasi@1.1.4 want: 1.11.1
331 silly placeDep ROOT @emnapi/runtime@1.11.1 OK for: @rolldown/binding-wasm32-wasi@1.1.4 want: 1.11.1
332 silly placeDep ROOT @napi-rs/wasm-runtime@1.1.6 OK for: @rolldown/binding-wasm32-wasi@1.1.4 want: ^1.1.6
333 silly fetch manifest @emnapi/wasi-threads@1.2.2
334 silly packumentCache full:https://registry.npmjs.org/@emnapi%2fwasi-threads cache-miss
335 silly fetch manifest @tybys/wasm-util@^0.10.3
336 silly packumentCache full:https://registry.npmjs.org/@tybys%2fwasm-util cache-miss
337 http fetch GET 200 https://registry.npmjs.org/@emnapi%2fwasi-threads 84ms (cache miss)
338 silly packumentCache full:https://registry.npmjs.org/@emnapi%2fwasi-threads set size:undefined disposed:false
339 http fetch GET 200 https://registry.npmjs.org/@tybys%2fwasm-util 95ms (cache miss)
340 silly packumentCache full:https://registry.npmjs.org/@tybys%2fwasm-util set size:undefined disposed:false
341 silly placeDep ROOT @emnapi/wasi-threads@1.2.2 OK for: @emnapi/core@1.11.1 want: 1.2.2
342 silly placeDep ROOT @tybys/wasm-util@0.10.3 OK for: @napi-rs/wasm-runtime@1.1.6 want: ^0.10.3
343 silly placeDep ROOT fdir@6.5.0 OK for: tinyglobby@0.2.17 want: ^6.5.0
344 silly reify mark retired [
344 silly reify   'C:\\Users\\CodexSandboxOnline\\.codex\\.sandbox\\cwd\\ab3cfb7158f0b281\\node_modules\\@babel\\code-frame'
344 silly reify ]
345 silly reify mark retired [
345 silly reify   'C:\\Users\\CodexSandboxOnline\\.codex\\.sandbox\\cwd\\ab3cfb7158f0b281\\node_modules\\@babel\\compat-data'
345 silly reify ]
346 silly reify mark retired [
346 silly reify   'C:\\Users\\CodexSandboxOnline\\.codex\\.sandbox\\cwd\\ab3cfb7158f0b281\\node_modules\\@babel\\core'
346 silly reify ]
347 silly reify mark retired [
347 silly reify   'C:\\Users\\CodexSandboxOnline\\.codex\\.sandbox\\cwd\\ab3cfb7158f0b281\\node_modules\\@babel\\generator'
347 silly reify ]
348 silly reify mark retired [
348 silly reify   'C:\\Users\\CodexSandboxOnline\\.codex\\.sandbox\\cwd\\ab3cfb7158f0b281\\node_modules\\@babel\\helper-compilation-targets'
348 silly reify ]
349 silly reify mark retired [
349 silly reify   'C:\\Users\\CodexSandboxOnline\\.codex\\.sandbox\\cwd\\ab3cfb7158f0b281\\node_modules\\@babel\\helper-globals'
349 silly reify ]
350 silly reify mark retired [
350 silly reify   'C:\\Users\\CodexSandboxOnline\\.codex\\.sandbox\\cwd\\ab3cfb7158f0b281\\node_modules\\@babel\\helper-module-imports'
350 silly reify ]
351 silly reify mark retired [
351 silly reify   'C:\\Users\\CodexSandboxOnline\\.codex\\.sandbox\\cwd\\ab3cfb7158f0b281\\node_modules\\@babel\\helper-module-transforms'
351 silly reify ]
352 silly reify mark retired [
352 silly reify   'C:\\Users\\CodexSandboxOnline\\.codex\\.sandbox\\cwd\\ab3cfb7158f0b281\\node_modules\\@babel\\helper-plugin-utils'
352 silly reify ]
353 silly reify mark retired [
353 silly reify   'C:\\Users\\CodexSandboxOnline\\.codex\\.sandbox\\cwd\\ab3cfb7158f0b281\\node_modules\\@babel\\helper-string-parser'
353 silly reify ]
354 silly reify mark retired [
354 silly reify   'C:\\Users\\CodexSandboxOnline\\.codex\\.sandbox\\cwd\\ab3cfb7158f0b281\\node_modules\\@babel\\helper-validator-identifier'
354 silly reify ]
355 silly reify mark retired [
355 silly reify   'C:\\Users\\CodexSandboxOnline\\.codex\\.sandbox\\cwd\\ab3cfb7158f0b281\\node_modules\\@babel\\helper-validator-option'
355 silly reify ]
356 silly reify mark retired [
356 silly reify   'C:\\Users\\CodexSandboxOnline\\.codex\\.sandbox\\cwd\\ab3cfb7158f0b281\\node_modules\\@babel\\helpers'
356 silly reify ]
357 silly reify mark retired [
357 silly reify   'C:\\Users\\CodexSandboxOnline\\.codex\\.sandbox\\cwd\\ab3cfb7158f0b281\\node_modules\\@babel\\parser',
357 silly reify   'C:\\Users\\CodexSandboxOnline\\.codex\\.sandbox\\cwd\\ab3cfb7158f0b281\\node_modules\\.bin\\parser',
357 silly reify   'C:\\Users\\CodexSandboxOnline\\.codex\\.sandbox\\cwd\\ab3cfb7158f0b281\\node_modules\\.bin\\parser.cmd',
357 silly reify   'C:\\Users\\CodexSandboxOnline\\.codex\\.sandbox\\cwd\\ab3cfb7158f0b281\\node_modules\\.bin\\parser.ps1'
357 silly reify ]
358 silly reify mark retired [
358 silly reify   'C:\\Users\\CodexSandboxOnline\\.codex\\.sandbox\\cwd\\ab3cfb7158f0b281\\node_modules\\@babel\\plugin-transform-react-jsx-self'
358 silly reify ]
359 silly reify mark retired [
359 silly reify   'C:\\Users\\CodexSandboxOnline\\.codex\\.sandbox\\cwd\\ab3cfb7158f0b281\\node_modules\\@babel\\plugin-transform-react-jsx-source'
359 silly reify ]
360 silly reify mark retired [
360 silly reify   'C:\\Users\\CodexSandboxOnline\\.codex\\.sandbox\\cwd\\ab3cfb7158f0b281\\node_modules\\@babel\\template'
360 silly reify ]
361 silly reify mark retired [
361 silly reify   'C:\\Users\\CodexSandboxOnline\\.codex\\.sandbox\\cwd\\ab3cfb7158f0b281\\node_modules\\@babel\\traverse'
361 silly reify ]
362 silly reify mark retired [
362 silly reify   'C:\\Users\\CodexSandboxOnline\\.codex\\.sandbox\\cwd\\ab3cfb7158f0b281\\node_modules\\@babel\\types'
362 silly reify ]
363 silly reify mark retired [
363 silly reify   'C:\\Users\\CodexSandboxOnline\\.codex\\.sandbox\\cwd\\ab3cfb7158f0b281\\node_modules\\@esbuild\\win32-x64'
363 silly reify ]
364 silly reify mark retired [
364 silly reify   'C:\\Users\\CodexSandboxOnline\\.codex\\.sandbox\\cwd\\ab3cfb7158f0b281\\node_modules\\@jridgewell\\gen-mapping'
364 silly reify ]
365 silly reify mark retired [
365 silly reify   'C:\\Users\\CodexSandboxOnline\\.codex\\.sandbox\\cwd\\ab3cfb7158f0b281\\node_modules\\@jridgewell\\remapping'
365 silly reify ]
366 silly reify mark retired [
366 silly reify   'C:\\Users\\CodexSandboxOnline\\.codex\\.sandbox\\cwd\\ab3cfb7158f0b281\\node_modules\\@jridgewell\\resolve-uri'
366 silly reify ]
367 silly reify mark retired [
367 silly reify   'C:\\Users\\CodexSandboxOnline\\.codex\\.sandbox\\cwd\\ab3cfb7158f0b281\\node_modules\\@jridgewell\\sourcemap-codec'
367 silly reify ]
368 silly reify mark retired [
368 silly reify   'C:\\Users\\CodexSandboxOnline\\.codex\\.sandbox\\cwd\\ab3cfb7158f0b281\\node_modules\\@jridgewell\\trace-mapping'
368 silly reify ]
369 silly reify mark retired [
369 silly reify   'C:\\Users\\CodexSandboxOnline\\.codex\\.sandbox\\cwd\\ab3cfb7158f0b281\\node_modules\\@rolldown\\pluginutils'
369 silly reify ]
370 silly reify mark retired [
370 silly reify   'C:\\Users\\CodexSandboxOnline\\.codex\\.sandbox\\cwd\\ab3cfb7158f0b281\\node_modules\\@rollup\\rollup-win32-x64-gnu'
370 silly reify ]
371 silly reify mark retired [
371 silly reify   'C:\\Users\\CodexSandboxOnline\\.codex\\.sandbox\\cwd\\ab3cfb7158f0b281\\node_modules\\@rollup\\rollup-win32-x64-msvc'
371 silly reify ]
372 silly reify mark retired [
372 silly reify   'C:\\Users\\CodexSandboxOnline\\.codex\\.sandbox\\cwd\\ab3cfb7158f0b281\\node_modules\\@types\\babel__core'
372 silly reify ]
373 silly reify mark retired [
373 silly reify   'C:\\Users\\CodexSandboxOnline\\.codex\\.sandbox\\cwd\\ab3cfb7158f0b281\\node_modules\\@types\\babel__generator'
373 silly reify ]
374 silly reify mark retired [
374 silly reify   'C:\\Users\\CodexSandboxOnline\\.codex\\.sandbox\\cwd\\ab3cfb7158f0b281\\node_modules\\@types\\babel__template'
374 silly reify ]
375 silly reify mark retired [
375 silly reify   'C:\\Users\\CodexSandboxOnline\\.codex\\.sandbox\\cwd\\ab3cfb7158f0b281\\node_modules\\@types\\babel__traverse'
375 silly reify ]
376 silly reify mark retired [
376 silly reify   'C:\\Users\\CodexSandboxOnline\\.codex\\.sandbox\\cwd\\ab3cfb7158f0b281\\node_modules\\@types\\estree'
376 silly reify ]
377 silly reify mark retired [
377 silly reify   'C:\\Users\\CodexSandboxOnline\\.codex\\.sandbox\\cwd\\ab3cfb7158f0b281\\node_modules\\@vitejs\\plugin-react'
377 silly reify ]
378 silly reify mark retired [
378 silly reify   'C:\\Users\\CodexSandboxOnline\\.codex\\.sandbox\\cwd\\ab3cfb7158f0b281\\node_modules\\baseline-browser-mapping',
378 silly reify   'C:\\Users\\CodexSandboxOnline\\.codex\\.sandbox\\cwd\\ab3cfb7158f0b281\\node_modules\\.bin\\baseline-browser-mapping',
378 silly reify   'C:\\Users\\CodexSandboxOnline\\.codex\\.sandbox\\cwd\\ab3cfb7158f0b281\\node_modules\\.bin\\baseline-browser-mapping.cmd',
378 silly reify   'C:\\Users\\CodexSandboxOnline\\.codex\\.sandbox\\cwd\\ab3cfb7158f0b281\\node_modules\\.bin\\baseline-browser-mapping.ps1'
378 silly reify ]
379 silly reify mark retired [
379 silly reify   'C:\\Users\\CodexSandboxOnline\\.codex\\.sandbox\\cwd\\ab3cfb7158f0b281\\node_modules\\browserslist',
379 silly reify   'C:\\Users\\CodexSandboxOnline\\.codex\\.sandbox\\cwd\\ab3cfb7158f0b281\\node_modules\\.bin\\browserslist',
379 silly reify   'C:\\Users\\CodexSandboxOnline\\.codex\\.sandbox\\cwd\\ab3cfb7158f0b281\\node_modules\\.bin\\browserslist.cmd',
379 silly reify   'C:\\Users\\CodexSandboxOnline\\.codex\\.sandbox\\cwd\\ab3cfb7158f0b281\\node_modules\\.bin\\browserslist.ps1'
379 silly reify ]
380 silly reify mark retired [
380 silly reify   'C:\\Users\\CodexSandboxOnline\\.codex\\.sandbox\\cwd\\ab3cfb7158f0b281\\node_modules\\caniuse-lite'
380 silly reify ]
381 silly reify mark retired [
381 silly reify   'C:\\Users\\CodexSandboxOnline\\.codex\\.sandbox\\cwd\\ab3cfb7158f0b281\\node_modules\\convert-source-map'
381 silly reify ]
382 silly reify mark retired [
382 silly reify   'C:\\Users\\CodexSandboxOnline\\.codex\\.sandbox\\cwd\\ab3cfb7158f0b281\\node_modules\\electron-to-chromium'
382 silly reify ]
383 silly reify mark retired [
383 silly reify   'C:\\Users\\CodexSandboxOnline\\.codex\\.sandbox\\cwd\\ab3cfb7158f0b281\\node_modules\\esbuild',
383 silly reify   'C:\\Users\\CodexSandboxOnline\\.codex\\.sandbox\\cwd\\ab3cfb7158f0b281\\node_modules\\.bin\\esbuild',
383 silly reify   'C:\\Users\\CodexSandboxOnline\\.codex\\.sandbox\\cwd\\ab3cfb7158f0b281\\node_modules\\.bin\\esbuild.cmd',
383 silly reify   'C:\\Users\\CodexSandboxOnline\\.codex\\.sandbox\\cwd\\ab3cfb7158f0b281\\node_modules\\.bin\\esbuild.ps1'
383 silly reify ]
384 silly reify mark retired [
384 silly reify   'C:\\Users\\CodexSandboxOnline\\.codex\\.sandbox\\cwd\\ab3cfb7158f0b281\\node_modules\\gensync'
384 silly reify ]
385 silly reify mark retired [
385 silly reify   'C:\\Users\\CodexSandboxOnline\\.codex\\.sandbox\\cwd\\ab3cfb7158f0b281\\node_modules\\jsesc',
385 silly reify   'C:\\Users\\CodexSandboxOnline\\.codex\\.sandbox\\cwd\\ab3cfb7158f0b281\\node_modules\\.bin\\jsesc',
385 silly reify   'C:\\Users\\CodexSandboxOnline\\.codex\\.sandbox\\cwd\\ab3cfb7158f0b281\\node_modules\\.bin\\jsesc.cmd',
385 silly reify   'C:\\Users\\CodexSandboxOnline\\.codex\\.sandbox\\cwd\\ab3cfb7158f0b281\\node_modules\\.bin\\jsesc.ps1'
385 silly reify ]
386 silly reify mark retired [
386 silly reify   'C:\\Users\\CodexSandboxOnline\\.codex\\.sandbox\\cwd\\ab3cfb7158f0b281\\node_modules\\json5',
386 silly reify   'C:\\Users\\CodexSandboxOnline\\.codex\\.sandbox\\cwd\\ab3cfb7158f0b281\\node_modules\\.bin\\json5',
386 silly reify   'C:\\Users\\CodexSandboxOnline\\.codex\\.sandbox\\cwd\\ab3cfb7158f0b281\\node_modules\\.bin\\json5.cmd',
386 silly reify   'C:\\Users\\CodexSandboxOnline\\.codex\\.sandbox\\cwd\\ab3cfb7158f0b281\\node_modules\\.bin\\json5.ps1'
386 silly reify ]
387 silly reify mark retired [
387 silly reify   'C:\\Users\\CodexSandboxOnline\\.codex\\.sandbox\\cwd\\ab3cfb7158f0b281\\node_modules\\lru-cache'
387 silly reify ]
388 silly reify mark retired [
388 silly reify   'C:\\Users\\CodexSandboxOnline\\.codex\\.sandbox\\cwd\\ab3cfb7158f0b281\\node_modules\\nanoid',
388 silly reify   'C:\\Users\\CodexSandboxOnline\\.codex\\.sandbox\\cwd\\ab3cfb7158f0b281\\node_modules\\.bin\\nanoid',
388 silly reify   'C:\\Users\\CodexSandboxOnline\\.codex\\.sandbox\\cwd\\ab3cfb7158f0b281\\node_modules\\.bin\\nanoid.cmd',
388 silly reify   'C:\\Users\\CodexSandboxOnline\\.codex\\.sandbox\\cwd\\ab3cfb7158f0b281\\node_modules\\.bin\\nanoid.ps1'
388 silly reify ]
389 silly reify mark retired [
389 silly reify   'C:\\Users\\CodexSandboxOnline\\.codex\\.sandbox\\cwd\\ab3cfb7158f0b281\\node_modules\\node-releases'
389 silly reify ]
390 silly reify mark retired [
390 silly reify   'C:\\Users\\CodexSandboxOnline\\.codex\\.sandbox\\cwd\\ab3cfb7158f0b281\\node_modules\\postcss'
390 silly reify ]
391 silly reify mark retired [
391 silly reify   'C:\\Users\\CodexSandboxOnline\\.codex\\.sandbox\\cwd\\ab3cfb7158f0b281\\node_modules\\react-refresh'
391 silly reify ]
392 silly reify mark retired [
392 silly reify   'C:\\Users\\CodexSandboxOnline\\.codex\\.sandbox\\cwd\\ab3cfb7158f0b281\\node_modules\\rollup',
392 silly reify   'C:\\Users\\CodexSandboxOnline\\.codex\\.sandbox\\cwd\\ab3cfb7158f0b281\\node_modules\\.bin\\rollup',
392 silly reify   'C:\\Users\\CodexSandboxOnline\\.codex\\.sandbox\\cwd\\ab3cfb7158f0b281\\node_modules\\.bin\\rollup.cmd',
392 silly reify   'C:\\Users\\CodexSandboxOnline\\.codex\\.sandbox\\cwd\\ab3cfb7158f0b281\\node_modules\\.bin\\rollup.ps1'
392 silly reify ]
393 silly reify mark retired [
393 silly reify   'C:\\Users\\CodexSandboxOnline\\.codex\\.sandbox\\cwd\\ab3cfb7158f0b281\\node_modules\\update-browserslist-db',
393 silly reify   'C:\\Users\\CodexSandboxOnline\\.codex\\.sandbox\\cwd\\ab3cfb7158f0b281\\node_modules\\.bin\\update-browserslist-db',
393 silly reify   'C:\\Users\\CodexSandboxOnline\\.codex\\.sandbox\\cwd\\ab3cfb7158f0b281\\node_modules\\.bin\\update-browserslist-db.cmd',
393 silly reify   'C:\\Users\\CodexSandboxOnline\\.codex\\.sandbox\\cwd\\ab3cfb7158f0b281\\node_modules\\.bin\\update-browserslist-db.ps1'
393 silly reify ]
394 silly reify mark retired [
394 silly reify   'C:\\Users\\CodexSandboxOnline\\.codex\\.sandbox\\cwd\\ab3cfb7158f0b281\\node_modules\\vite',
394 silly reify   'C:\\Users\\CodexSandboxOnline\\.codex\\.sandbox\\cwd\\ab3cfb7158f0b281\\node_modules\\.bin\\vite',
394 silly reify   'C:\\Users\\CodexSandboxOnline\\.codex\\.sandbox\\cwd\\ab3cfb7158f0b281\\node_modules\\.bin\\vite.cmd',
394 silly reify   'C:\\Users\\CodexSandboxOnline\\.codex\\.sandbox\\cwd\\ab3cfb7158f0b281\\node_modules\\.bin\\vite.ps1'
394 silly reify ]
395 silly reify mark retired [
395 silly reify   'C:\\Users\\CodexSandboxOnline\\.codex\\.sandbox\\cwd\\ab3cfb7158f0b281\\node_modules\\yallist'
395 silly reify ]
396 silly reify moves {
396 silly reify   'C:\\Users\\CodexSandboxOnline\\.codex\\.sandbox\\cwd\\ab3cfb7158f0b281\\node_modules\\@babel\\code-frame': 'C:\\Users\\CodexSandboxOnline\\.codex\\.sandbox\\cwd\\ab3cfb7158f0b281\\node_modules\\@babel\\.code-frame-r9WzWqvB',
396 silly reify   'C:\\Users\\CodexSandboxOnline\\.codex\\.sandbox\\cwd\\ab3cfb7158f0b281\\node_modules\\@babel\\compat-data': 'C:\\Users\\CodexSandboxOnline\\.codex\\.sandbox\\cwd\\ab3cfb7158f0b281\\node_modules\\@babel\\.compat-data-yyTzBxrb',
396 silly reify   'C:\\Users\\CodexSandboxOnline\\.codex\\.sandbox\\cwd\\ab3cfb7158f0b281\\node_modules\\@babel\\core': 'C:\\Users\\CodexSandboxOnline\\.codex\\.sandbox\\cwd\\ab3cfb7158f0b281\\node_modules\\@babel\\.core-WV0IyCpm',
396 silly reify   'C:\\Users\\CodexSandboxOnline\\.codex\\.sandbox\\cwd\\ab3cfb7158f0b281\\node_modules\\@babel\\generator': 'C:\\Users\\CodexSandboxOnline\\.codex\\.sandbox\\cwd\\ab3cfb7158f0b281\\node_modules\\@babel\\.generator-iG118ZUT',
396 silly reify   'C:\\Users\\CodexSandboxOnline\\.codex\\.sandbox\\cwd\\ab3cfb7158f0b281\\node_modules\\@babel\\helper-compilation-targets': 'C:\\Users\\CodexSandboxOnline\\.codex\\.sandbox\\cwd\\ab3cfb7158f0b281\\node_modules\\@babel\\.helper-compilation-targets-z96gSU4U',
396 silly reify   'C:\\Users\\CodexSandboxOnline\\.codex\\.sandbox\\cwd\\ab3cfb7158f0b281\\node_modules\\@babel\\helper-globals': 'C:\\Users\\CodexSandboxOnline\\.codex\\.sandbox\\cwd\\ab3cfb7158f0b281\\node_modules\\@babel\\.helper-globals-0j4syX43',
396 silly reify   'C:\\Users\\CodexSandboxOnline\\.codex\\.sandbox\\cwd\\ab3cfb7158f0b281\\node_modules\\@babel\\helper-module-imports': 'C:\\Users\\CodexSandboxOnline\\.codex\\.sandbox\\cwd\\ab3cfb7158f0b281\\node_modules\\@babel\\.helper-module-imports-BwpHnzsC',
396 silly reify   'C:\\Users\\CodexSandboxOnline\\.codex\\.sandbox\\cwd\\ab3cfb7158f0b281\\node_modules\\@babel\\helper-module-transforms': 'C:\\Users\\CodexSandboxOnline\\.codex\\.sandbox\\cwd\\ab3cfb7158f0b281\\node_modules\\@babel\\.helper-module-transforms-m3KbqC4j',
396 silly reify   'C:\\Users\\CodexSandboxOnline\\.codex\\.sandbox\\cwd\\ab3cfb7158f0b281\\node_modules\\@babel\\helper-plugin-utils': 'C:\\Users\\CodexSandboxOnline\\.codex\\.sandbox\\cwd\\ab3cfb7158f0b281\\node_modules\\@babel\\.helper-plugin-utils-3dPhGTtI',
396 silly reify   'C:\\Users\\CodexSandboxOnline\\.codex\\.sandbox\\cwd\\ab3cfb7158f0b281\\node_modules\\@babel\\helper-string-parser': 'C:\\Users\\CodexSandboxOnline\\.codex\\.sandbox\\cwd\\ab3cfb7158f0b281\\node_modules\\@babel\\.helper-string-parser-iujs4nIe',
396 silly reify   'C:\\Users\\CodexSandboxOnline\\.codex\\.sandbox\\cwd\\ab3cfb7158f0b281\\node_modules\\@babel\\helper-validator-identifier': 'C:\\Users\\CodexSandboxOnline\\.codex\\.sandbox\\cwd\\ab3cfb7158f0b281\\node_modules\\@babel\\.helper-validator-identifier-W18rpbo4',
396 silly reify   'C:\\Users\\CodexSandboxOnline\\.codex\\.sandbox\\cwd\\ab3cfb7158f0b281\\node_modules\\@babel\\helper-validator-option': 'C:\\Users\\CodexSandboxOnline\\.codex\\.sandbox\\cwd\\ab3cfb7158f0b281\\node_modules\\@babel\\.helper-validator-option-ieqniVd0',
396 silly reify   'C:\\Users\\CodexSandboxOnline\\.codex\\.sandbox\\cwd\\ab3cfb7158f0b281\\node_modules\\@babel\\helpers': 'C:\\Users\\CodexSandboxOnline\\.codex\\.sandbox\\cwd\\ab3cfb7158f0b281\\node_modules\\@babel\\.helpers-HmBhPJMT',
396 silly reify   'C:\\Users\\CodexSandboxOnline\\.codex\\.sandbox\\cwd\\ab3cfb7158f0b281\\node_modules\\@babel\\parser': 'C:\\Users\\CodexSandboxOnline\\.codex\\.sandbox\\cwd\\ab3cfb7158f0b281\\node_modules\\@babel\\.parser-4UWTun1k',
396 silly reify   'C:\\Users\\CodexSandboxOnline\\.codex\\.sandbox\\cwd\\ab3cfb7158f0b281\\node_modules\\.bin\\parser': 'C:\\Users\\CodexSandboxOnline\\.codex\\.sandbox\\cwd\\ab3cfb7158f0b281\\node_modules\\.bin\\.parser-1MEo4xfJ',
396 silly reify   'C:\\Users\\CodexSandboxOnline\\.codex\\.sandbox\\cwd\\ab3cfb7158f0b281\\node_modules\\.bin\\parser.cmd': 'C:\\Users\\CodexSandboxOnline\\.codex\\.sandbox\\cwd\\ab3cfb7158f0b281\\node_modules\\.bin\\.parser.cmd-h84dXwmm',
396 silly reify   'C:\\Users\\CodexSandboxOnline\\.codex\\.sandbox\\cwd\\ab3cfb7158f0b281\\node_modules\\.bin\\parser.ps1': 'C:\\Users\\CodexSandboxOnline\\.codex\\.sandbox\\cwd\\ab3cfb7158f0b281\\node_modules\\.bin\\.parser.ps1-Q5Fv4ksl',
396 silly reify   'C:\\Users\\CodexSandboxOnline\\.codex\\.sandbox\\cwd\\ab3cfb7158f0b281\\node_modules\\@babel\\plugin-transform-react-jsx-self': 'C:\\Users\\CodexSandboxOnline\\.codex\\.sandbox\\cwd\\ab3cfb7158f0b281\\node_modules\\@babel\\.plugin-transform-react-jsx-self-oyjdztqk',
396 silly reify   'C:\\Users\\CodexSandboxOnline\\.codex\\.sandbox\\cwd\\ab3cfb7158f0b281\\node_modules\\@babel\\plugin-transform-react-jsx-source': 'C:\\Users\\CodexSandboxOnline\\.codex\\.sandbox\\cwd\\ab3cfb7158f0b281\\node_modules\\@babel\\.plugin-transform-react-jsx-source-IoVS2qiG',
396 silly reify   'C:\\Users\\CodexSandboxOnline\\.codex\\.sandbox\\cwd\\ab3cfb7158f0b281\\node_modules\\@babel\\template': 'C:\\Users\\CodexSandboxOnline\\.codex\\.sandbox\\cwd\\ab3cfb7158f0b281\\node_modules\\@babel\\.template-Dv8LPD7a',
396 silly reify   'C:\\Users\\CodexSandboxOnline\\.codex\\.sandbox\\cwd\\ab3cfb7158f0b281\\node_modules\\@babel\\traverse': 'C:\\Users\\CodexSandboxOnline\\.codex\\.sandbox\\cwd\\ab3cfb7158f0b281\\node_modules\\@babel\\.traverse-PtvMKdnQ',
396 silly reify   'C:\\Users\\CodexSandboxOnline\\.codex\\.sandbox\\cwd\\ab3cfb7158f0b281\\node_modules\\@babel\\types': 'C:\\Users\\CodexSandboxOnline\\.codex\\.sandbox\\cwd\\ab3cfb7158f0b281\\node_modules\\@babel\\.types-DQEBbLvu',
396 silly reify   'C:\\Users\\CodexSandboxOnline\\.codex\\.sandbox\\cwd\\ab3cfb7158f0b281\\node_modules\\@esbuild\\win32-x64': 'C:\\Users\\CodexSandboxOnline\\.codex\\.sandbox\\cwd\\ab3cfb7158f0b281\\node_modules\\@esbuild\\.win32-x64-FIoUkUmy',
396 silly reify   'C:\\Users\\CodexSandboxOnline\\.codex\\.sandbox\\cwd\\ab3cfb7158f0b281\\node_modules\\@jridgewell\\gen-mapping': 'C:\\Users\\CodexSandboxOnline\\.codex\\.sandbox\\cwd\\ab3cfb7158f0b281\\node_modules\\@jridgewell\\.gen-mapping-kRloifjK',
396 silly reify   'C:\\Users\\CodexSandboxOnline\\.codex\\.sandbox\\cwd\\ab3cfb7158f0b281\\node_modules\\@jridgewell\\remapping': 'C:\\Users\\CodexSandboxOnline\\.codex\\.sandbox\\cwd\\ab3cfb7158f0b281\\node_modules\\@jridgewell\\.remapping-p84DSRe0',
396 silly reify   'C:\\Users\\CodexSandboxOnline\\.codex\\.sandbox\\cwd\\ab3cfb7158f0b281\\node_modules\\@jridgewell\\resolve-uri': 'C:\\Users\\CodexSandboxOnline\\.codex\\.sandbox\\cwd\\ab3cfb7158f0b281\\node_modules\\@jridgewell\\.resolve-uri-0dbNgH0E',
396 silly reify   'C:\\Users\\CodexSandboxOnline\\.codex\\.sandbox\\cwd\\ab3cfb7158f0b281\\node_modules\\@jridgewell\\sourcemap-codec': 'C:\\Users\\CodexSandboxOnline\\.codex\\.sandbox\\cwd\\ab3cfb7158f0b281\\node_modules\\@jridgewell\\.sourcemap-codec-ukONt257',
396 silly reify   'C:\\Users\\CodexSandboxOnline\\.codex\\.sandbox\\cwd\\ab3cfb7158f0b281\\node_modules\\@jridgewell\\trace-mapping': 'C:\\Users\\CodexSandboxOnline\\.codex\\.sandbox\\cwd\\ab3cfb7158f0b281\\node_modules\\@jridgewell\\.trace-mapping-rjkMI5AU',
396 silly reify   'C:\\Users\\CodexSandboxOnline\\.codex\\.sandbox\\cwd\\ab3cfb7158f0b281\\node_modules\\@rolldown\\pluginutils': 'C:\\Users\\CodexSandboxOnline\\.codex\\.sandbox\\cwd\\ab3cfb7158f0b281\\node_modules\\@rolldown\\.pluginutils-ZmWlvq4r',
396 silly reify   'C:\\Users\\CodexSandboxOnline\\.codex\\.sandbox\\cwd\\ab3cfb7158f0b281\\node_modules\\@rollup\\rollup-win32-x64-gnu': 'C:\\Users\\CodexSandboxOnline\\.codex\\.sandbox\\cwd\\ab3cfb7158f0b281\\node_modules\\@rollup\\.rollup-win32-x64-gnu-xLsLsFke',
396 silly reify   'C:\\Users\\CodexSandboxOnline\\.codex\\.sandbox\\cwd\\ab3cfb7158f0b281\\node_modules\\@rollup\\rollup-win32-x64-msvc': 'C:\\Users\\CodexSandboxOnline\\.codex\\.sandbox\\cwd\\ab3cfb7158f0b281\\node_modules\\@rollup\\.rollup-win32-x64-msvc-LOrgpqB5',
396 silly reify   'C:\\Users\\CodexSandboxOnline\\.codex\\.sandbox\\cwd\\ab3cfb7158f0b281\\node_modules\\@types\\babel__core': 'C:\\Users\\CodexSandboxOnline\\.codex\\.sandbox\\cwd\\ab3cfb7158f0b281\\node_modules\\@types\\.babel__core-ll5YqtZd',
396 silly reify   'C:\\Users\\CodexSandboxOnline\\.codex\\.sandbox\\cwd\\ab3cfb7158f0b281\\node_modules\\@types\\babel__generator': 'C:\\Users\\CodexSandboxOnline\\.codex\\.sandbox\\cwd\\ab3cfb7158f0b281\\node_modules\\@types\\.babel__generator-2Ajvg1eW',
396 silly reify   'C:\\Users\\CodexSandboxOnline\\.codex\\.sandbox\\cwd\\ab3cfb7158f0b281\\node_modules\\@types\\babel__template': 'C:\\Users\\CodexSandboxOnline\\.codex\\.sandbox\\cwd\\ab3cfb7158f0b281\\node_modules\\@types\\.babel__template-Kc2pxYS3',
396 silly reify   'C:\\Users\\CodexSandboxOnline\\.codex\\.sandbox\\cwd\\ab3cfb7158f0b281\\node_modules\\@types\\babel__traverse': 'C:\\Users\\CodexSandboxOnline\\.codex\\.sandbox\\cwd\\ab3cfb7158f0b281\\node_modules\\@types\\.babel__traverse-LYRt06Pi',
396 silly reify   'C:\\Users\\CodexSandboxOnline\\.codex\\.sandbox\\cwd\\ab3cfb7158f0b281\\node_modules\\@types\\estree': 'C:\\Users\\CodexSandboxOnline\\.codex\\.sandbox\\cwd\\ab3cfb7158f0b281\\node_modules\\@types\\.estree-3GDwZek2',
396 silly reify   'C:\\Users\\CodexSandboxOnline\\.codex\\.sandbox\\cwd\\ab3cfb7158f0b281\\node_modules\\@vitejs\\plugin-react': 'C:\\Users\\CodexSandboxOnline\\.codex\\.sandbox\\cwd\\ab3cfb7158f0b281\\node_modules\\@vitejs\\.plugin-react-95AYzj2L',
396 silly reify   'C:\\Users\\CodexSandboxOnline\\.codex\\.sandbox\\cwd\\ab3cfb7158f0b281\\node_modules\\baseline-browser-mapping': 'C:\\Users\\CodexSandboxOnline\\.codex\\.sandbox\\cwd\\ab3cfb7158f0b281\\node_modules\\.baseline-browser-mapping-EQumJ60x',
396 silly reify   'C:\\Users\\CodexSandboxOnline\\.codex\\.sandbox\\cwd\\ab3cfb7158f0b281\\node_modules\\.bin\\baseline-browser-mapping': 'C:\\Users\\CodexSandboxOnline\\.codex\\.sandbox\\cwd\\ab3cfb7158f0b281\\node_modules\\.bin\\.baseline-browser-mapping-6kYDeYN8',
396 silly reify   'C:\\Users\\CodexSandboxOnline\\.codex\\.sandbox\\cwd\\ab3cfb7158f0b281\\node_modules\\.bin\\baseline-browser-mapping.cmd': 'C:\\Users\\CodexSandboxOnline\\.codex\\.sandbox\\cwd\\ab3cfb7158f0b281\\node_modules\\.bin\\.baseline-browser-mapping.cmd-h6SSxvGU',
396 silly reify   'C:\\Users\\CodexSandboxOnline\\.codex\\.sandbox\\cwd\\ab3cfb7158f0b281\\node_modules\\.bin\\baseline-browser-mapping.ps1': 'C:\\Users\\CodexSandboxOnline\\.codex\\.sandbox\\cwd\\ab3cfb7158f0b281\\node_modules\\.bin\\.baseline-browser-mapping.ps1-GAjum4Oo',
396 silly reify   'C:\\Users\\CodexSandboxOnline\\.codex\\.sandbox\\cwd\\ab3cfb7158f0b281\\node_modules\\browserslist': 'C:\\Users\\CodexSandboxOnline\\.codex\\.sandbox\\cwd\\ab3cfb7158f0b281\\node_modules\\.browserslist-v3svKWIv',
396 silly reify   'C:\\Users\\CodexSandboxOnline\\.codex\\.sandbox\\cwd\\ab3cfb7158f0b281\\node_modules\\.bin\\browserslist': 'C:\\Users\\CodexSandboxOnline\\.codex\\.sandbox\\cwd\\ab3cfb7158f0b281\\node_modules\\.bin\\.browserslist-6lorJy1x',
396 silly reify   'C:\\Users\\CodexSandboxOnline\\.codex\\.sandbox\\cwd\\ab3cfb7158f0b281\\node_modules\\.bin\\browserslist.cmd': 'C:\\Users\\CodexSandboxOnline\\.codex\\.sandbox\\cwd\\ab3cfb7158f0b281\\node_modules\\.bin\\.browserslist.cmd-l1w62VDr',
396 silly reify   'C:\\Users\\CodexSandboxOnline\\.codex\\.sandbox\\cwd\\ab3cfb7158f0b281\\node_modules\\.bin\\browserslist.ps1': 'C:\\Users\\CodexSandboxOnline\\.codex\\.sandbox\\cwd\\ab3cfb7158f0b281\\node_modules\\.bin\\.browserslist.ps1-aLT4bRhs',
396 silly reify   'C:\\Users\\CodexSandboxOnline\\.codex\\.sandbox\\cwd\\ab3cfb7158f0b281\\node_modules\\caniuse-lite': 'C:\\Users\\CodexSandboxOnline\\.codex\\.sandbox\\cwd\\ab3cfb7158f0b281\\node_modules\\.caniuse-lite-alMdKpCX',
396 silly reify   'C:\\Users\\CodexSandboxOnline\\.codex\\.sandbox\\cwd\\ab3cfb7158f0b281\\node_modules\\convert-source-map': 'C:\\Users\\CodexSandboxOnline\\.codex\\.sandbox\\cwd\\ab3cfb7158f0b281\\node_modules\\.convert-source-map-gnXldUhO',
396 silly reify   'C:\\Users\\CodexSandboxOnline\\.codex\\.sandbox\\cwd\\ab3cfb7158f0b281\\node_modules\\electron-to-chromium': 'C:\\Users\\CodexSandboxOnline\\.codex\\.sandbox\\cwd\\ab3cfb7158f0b281\\node_modules\\.electron-to-chromium-PsR7yCTA',
396 silly reify   'C:\\Users\\CodexSandboxOnline\\.codex\\.sandbox\\cwd\\ab3cfb7158f0b281\\node_modules\\esbuild': 'C:\\Users\\CodexSandboxOnline\\.codex\\.sandbox\\cwd\\ab3cfb7158f0b281\\node_modules\\.esbuild-tVP2qWYb',
396 silly reify   'C:\\Users\\CodexSandboxOnline\\.codex\\.sandbox\\cwd\\ab3cfb7158f0b281\\node_modules\\.bin\\esbuild': 'C:\\Users\\CodexSandboxOnline\\.codex\\.sandbox\\cwd\\ab3cfb7158f0b281\\node_modules\\.bin\\.esbuild-psION2R7',
396 silly reify   'C:\\Users\\CodexSandboxOnline\\.codex\\.sandbox\\cwd\\ab3cfb7158f0b281\\node_modules\\.bin\\esbuild.cmd': 'C:\\Users\\CodexSandboxOnline\\.codex\\.sandbox\\cwd\\ab3cfb7158f0b281\\node_modules\\.bin\\.esbuild.cmd-BWDyv4Hc',
396 silly reify   'C:\\Users\\CodexSandboxOnline\\.codex\\.sandbox\\cwd\\ab3cfb7158f0b281\\node_modules\\.bin\\esbuild.ps1': 'C:\\Users\\CodexSandboxOnline\\.codex\\.sandbox\\cwd\\ab3cfb7158f0b281\\node_modules\\.bin\\.esbuild.ps1-AbyQ7O9S',
396 silly reify   'C:\\Users\\CodexSandboxOnline\\.codex\\.sandbox\\cwd\\ab3cfb7158f0b281\\node_modules\\gensync': 'C:\\Users\\CodexSandboxOnline\\.codex\\.sandbox\\cwd\\ab3cfb7158f0b281\\node_modules\\.gensync-7Ap56l7J',
396 silly reify   'C:\\Users\\CodexSandboxOnline\\.codex\\.sandbox\\cwd\\ab3cfb7158f0b281\\node_modules\\jsesc': 'C:\\Users\\CodexSandboxOnline\\.codex\\.sandbox\\cwd\\ab3cfb7158f0b281\\node_modules\\.jsesc-xpqP3HZl',
396 silly reify   'C:\\Users\\CodexSandboxOnline\\.codex\\.sandbox\\cwd\\ab3cfb7158f0b281\\node_modules\\.bin\\jsesc': 'C:\\Users\\CodexSandboxOnline\\.codex\\.sandbox\\cwd\\ab3cfb7158f0b281\\node_modules\\.bin\\.jsesc-aMWBZ9Ve',
396 silly reify   'C:\\Users\\CodexSandboxOnline\\.codex\\.sandbox\\cwd\\ab3cfb7158f0b281\\node_modules\\.bin\\jsesc.cmd': 'C:\\Users\\CodexSandboxOnline\\.codex\\.sandbox\\cwd\\ab3cfb7158f0b281\\node_modules\\.bin\\.jsesc.cmd-Qy8TlsVM',
396 silly reify   'C:\\Users\\CodexSandboxOnline\\.codex\\.sandbox\\cwd\\ab3cfb7158f0b281\\node_modules\\.bin\\jsesc.ps1': 'C:\\Users\\CodexSandboxOnline\\.codex\\.sandbox\\cwd\\ab3cfb7158f0b281\\node_modules\\.bin\\.jsesc.ps1-tnBF0lDj',
396 silly reify   'C:\\Users\\CodexSandboxOnline\\.codex\\.sandbox\\cwd\\ab3cfb7158f0b281\\node_modules\\json5': 'C:\\Users\\CodexSandboxOnline\\.codex\\.sandbox\\cwd\\ab3cfb7158f0b281\\node_modules\\.json5-pjkX6QKs',
396 silly reify   'C:\\Users\\CodexSandboxOnline\\.codex\\.sandbox\\cwd\\ab3cfb7158f0b281\\node_modules\\.bin\\json5': 'C:\\Users\\CodexSandboxOnline\\.codex\\.sandbox\\cwd\\ab3cfb7158f0b281\\node_modules\\.bin\\.json5-paq91Uxz',
396 silly reify   'C:\\Users\\CodexSandboxOnline\\.codex\\.sandbox\\cwd\\ab3cfb7158f0b281\\node_modules\\.bin\\json5.cmd': 'C:\\Users\\CodexSandboxOnline\\.codex\\.sandbox\\cwd\\ab3cfb7158f0b281\\node_modules\\.bin\\.json5.cmd-um7YWeLd',
396 silly reify   'C:\\Users\\CodexSandboxOnline\\.codex\\.sandbox\\cwd\\ab3cfb7158f0b281\\node_modules\\.bin\\json5.ps1': 'C:\\Users\\CodexSandboxOnline\\.codex\\.sandbox\\cwd\\ab3cfb7158f0b281\\node_modules\\.bin\\.json5.ps1-c6gG3DZS',
396 silly reify   'C:\\Users\\CodexSandboxOnline\\.codex\\.sandbox\\cwd\\ab3cfb7158f0b281\\node_modules\\lru-cache': 'C:\\Users\\CodexSandboxOnline\\.codex\\.sandbox\\cwd\\ab3cfb7158f0b281\\node_modules\\.lru-cache-U7f3VrYb',
396 silly reify   'C:\\Users\\CodexSandboxOnline\\.codex\\.sandbox\\cwd\\ab3cfb7158f0b281\\node_modules\\nanoid': 'C:\\Users\\CodexSandboxOnline\\.codex\\.sandbox\\cwd\\ab3cfb7158f0b281\\node_modules\\.nanoid-ysEi4jb0',
396 silly reify   'C:\\Users\\CodexSandboxOnline\\.codex\\.sandbox\\cwd\\ab3cfb7158f0b281\\node_modules\\.bin\\nanoid': 'C:\\Users\\CodexSandboxOnline\\.codex\\.sandbox\\cwd\\ab3cfb7158f0b281\\node_modules\\.bin\\.nanoid-Q1IiecOh',
396 silly reify   'C:\\Users\\CodexSandboxOnline\\.codex\\.sandbox\\cwd\\ab3cfb7158f0b281\\node_modules\\.bin\\nanoid.cmd': 'C:\\Users\\CodexSandboxOnline\\.codex\\.sandbox\\cwd\\ab3cfb7158f0b281\\node_modules\\.bin\\.nanoid.cmd-NULpYsP4',
396 silly reify   'C:\\Users\\CodexSandboxOnline\\.codex\\.sandbox\\cwd\\ab3cfb7158f0b281\\node_modules\\.bin\\nanoid.ps1': 'C:\\Users\\CodexSandboxOnline\\.codex\\.sandbox\\cwd\\ab3cfb7158f0b281\\node_modules\\.bin\\.nanoid.ps1-70jdYNEH',
396 silly reify   'C:\\Users\\CodexSandboxOnline\\.codex\\.sandbox\\cwd\\ab3cfb7158f0b281\\node_modules\\node-releases': 'C:\\Users\\CodexSandboxOnline\\.codex\\.sandbox\\cwd\\ab3cfb7158f0b281\\node_modules\\.node-releases-J2435zeE',
396 silly reify   'C:\\Users\\CodexSandboxOnline\\.codex\\.sandbox\\cwd\\ab3cfb7158f0b281\\node_modules\\postcss': 'C:\\Users\\CodexSandboxOnline\\.codex\\.sandbox\\cwd\\ab3cfb7158f0b281\\node_modules\\.postcss-EYfDFwws',
396 silly reify   'C:\\Users\\CodexSandboxOnline\\.codex\\.sandbox\\cwd\\ab3cfb7158f0b281\\node_modules\\react-refresh': 'C:\\Users\\CodexSandboxOnline\\.codex\\.sandbox\\cwd\\ab3cfb7158f0b281\\node_modules\\.react-refresh-DZC7mH8i',
396 silly reify   'C:\\Users\\CodexSandboxOnline\\.codex\\.sandbox\\cwd\\ab3cfb7158f0b281\\node_modules\\rollup': 'C:\\Users\\CodexSandboxOnline\\.codex\\.sandbox\\cwd\\ab3cfb7158f0b281\\node_modules\\.rollup-tGHLIDwr',
396 silly reify   'C:\\Users\\CodexSandboxOnline\\.codex\\.sandbox\\cwd\\ab3cfb7158f0b281\\node_modules\\.bin\\rollup': 'C:\\Users\\CodexSandboxOnline\\.codex\\.sandbox\\cwd\\ab3cfb7158f0b281\\node_modules\\.bin\\.rollup-GgW0oMLy',
396 silly reify   'C:\\Users\\CodexSandboxOnline\\.codex\\.sandbox\\cwd\\ab3cfb7158f0b281\\node_modules\\.bin\\rollup.cmd': 'C:\\Users\\CodexSandboxOnline\\.codex\\.sandbox\\cwd\\ab3cfb7158f0b281\\node_modules\\.bin\\.rollup.cmd-5K7VROPF',
396 silly reify   'C:\\Users\\CodexSandboxOnline\\.codex\\.sandbox\\cwd\\ab3cfb7158f0b281\\node_modules\\.bin\\rollup.ps1': 'C:\\Users\\CodexSandboxOnline\\.codex\\.sandbox\\cwd\\ab3cfb7158f0b281\\node_modules\\.bin\\.rollup.ps1-EQuSMHeH',
396 silly reify   'C:\\Users\\CodexSandboxOnline\\.codex\\.sandbox\\cwd\\ab3cfb7158f0b281\\node_modules\\update-browserslist-db': 'C:\\Users\\CodexSandboxOnline\\.codex\\.sandbox\\cwd\\ab3cfb7158f0b281\\node_modules\\.update-browserslist-db-vAFqzDSv',
396 silly reify   'C:\\Users\\CodexSandboxOnline\\.codex\\.sandbox\\cwd\\ab3cfb7158f0b281\\node_modules\\.bin\\update-browserslist-db': 'C:\\Users\\CodexSandboxOnline\\.codex\\.sandbox\\cwd\\ab3cfb7158f0b281\\node_modules\\.bin\\.update-browserslist-db-VZrPEhyG',
396 silly reify   'C:\\Users\\CodexSandboxOnline\\.codex\\.sandbox\\cwd\\ab3cfb7158f0b281\\node_modules\\.bin\\update-browserslist-db.cmd': 'C:\\Users\\CodexSandboxOnline\\.codex\\.sandbox\\cwd\\ab3cfb7158f0b281\\node_modules\\.bin\\.update-browserslist-db.cmd-Q84lbRmL',
396 silly reify   'C:\\Users\\CodexSandboxOnline\\.codex\\.sandbox\\cwd\\ab3cfb7158f0b281\\node_modules\\.bin\\update-browserslist-db.ps1': 'C:\\Users\\CodexSandboxOnline\\.codex\\.sandbox\\cwd\\ab3cfb7158f0b281\\node_modules\\.bin\\.update-browserslist-db.ps1-FK7Lj5oI',
396 silly reify   'C:\\Users\\CodexSandboxOnline\\.codex\\.sandbox\\cwd\\ab3cfb7158f0b281\\node_modules\\vite': 'C:\\Users\\CodexSandboxOnline\\.codex\\.sandbox\\cwd\\ab3cfb7158f0b281\\node_modules\\.vite-5pDfkcB6',
396 silly reify   'C:\\Users\\CodexSandboxOnline\\.codex\\.sandbox\\cwd\\ab3cfb7158f0b281\\node_modules\\.bin\\vite': 'C:\\Users\\CodexSandboxOnline\\.codex\\.sandbox\\cwd\\ab3cfb7158f0b281\\node_modules\\.bin\\.vite-hgCYNsJA',
396 silly reify   'C:\\Users\\CodexSandboxOnline\\.codex\\.sandbox\\cwd\\ab3cfb7158f0b281\\node_modules\\.bin\\vite.cmd': 'C:\\Users\\CodexSandboxOnline\\.codex\\.sandbox\\cwd\\ab3cfb7158f0b281\\node_modules\\.bin\\.vite.cmd-6LsDi6Px',
396 silly reify   'C:\\Users\\CodexSandboxOnline\\.codex\\.sandbox\\cwd\\ab3cfb7158f0b281\\node_modules\\.bin\\vite.ps1': 'C:\\Users\\CodexSandboxOnline\\.codex\\.sandbox\\cwd\\ab3cfb7158f0b281\\node_modules\\.bin\\.vite.ps1-6LmXbeTh',
396 silly reify   'C:\\Users\\CodexSandboxOnline\\.codex\\.sandbox\\cwd\\ab3cfb7158f0b281\\node_modules\\yallist': 'C:\\Users\\CodexSandboxOnline\\.codex\\.sandbox\\cwd\\ab3cfb7158f0b281\\node_modules\\.yallist-vHhZ9LZQ'
396 silly reify }
397 silly audit bulk request {
397 silly audit   '@babel/runtime': [ '7.29.2' ],
397 silly audit   '@eslint-community/eslint-utils': [ '4.9.1' ],
397 silly audit   '@eslint-community/regexpp': [ '4.12.2' ],
397 silly audit   '@eslint/eslintrc': [ '2.1.4' ],
397 silly audit   '@eslint/js': [ '8.57.1' ],
397 silly audit   '@humanwhocodes/config-array': [ '0.13.0' ],
397 silly audit   '@humanwhocodes/module-importer': [ '1.0.1' ],
397 silly audit   '@humanwhocodes/object-schema': [ '2.0.3' ],
397 silly audit   '@nodelib/fs.scandir': [ '2.1.5' ],
397 silly audit   '@nodelib/fs.stat': [ '2.0.5' ],
397 silly audit   '@nodelib/fs.walk': [ '1.2.8' ],
397 silly audit   '@react-leaflet/core': [ '2.1.0' ],
397 silly audit   '@remix-run/router': [ '1.23.2' ],
397 silly audit   '@socket.io/component-emitter': [ '3.1.2' ],
397 silly audit   '@ungap/structured-clone': [ '1.3.0' ],
397 silly audit   acorn: [ '8.16.0' ],
397 silly audit   'acorn-jsx': [ '5.3.2' ],
397 silly audit   ajv: [ '6.14.0' ],
397 silly audit   'ansi-regex': [ '5.0.1' ],
397 silly audit   'ansi-styles': [ '4.3.0' ],
397 silly audit   argparse: [ '2.0.1' ],
397 silly audit   'array-buffer-byte-length': [ '1.0.2' ],
397 silly audit   'array-includes': [ '3.1.9' ],
397 silly audit   'array.prototype.findlast': [ '1.2.5' ],
397 silly audit   'array.prototype.flat': [ '1.3.3' ],
397 silly audit   'array.prototype.flatmap': [ '1.3.3' ],
397 silly audit   'array.prototype.tosorted': [ '1.1.4' ],
397 silly audit   'arraybuffer.prototype.slice': [ '1.0.4' ],
397 silly audit   'async-function': [ '1.0.0' ],
397 silly audit   asynckit: [ '0.4.0' ],
397 silly audit   'available-typed-arrays': [ '1.0.7' ],
397 silly audit   axios: [ '1.15.0' ],
397 silly audit   'balanced-match': [ '1.0.2' ],
397 silly audit   'brace-expansion': [ '1.1.14' ],
397 silly audit   'call-bind': [ '1.0.9' ],
397 silly audit   'call-bind-apply-helpers': [ '1.0.2' ],
397 silly audit   'call-bound': [ '1.0.4' ],
397 silly audit   callsites: [ '3.1.0' ],
397 silly audit   chalk: [ '4.1.2' ],
397 silly audit   'supports-color': [ '7.2.0', '8.1.1' ],
397 silly audit   cliui: [ '8.0.1' ],
397 silly audit   'color-convert': [ '2.0.1' ],
397 silly audit   'color-name': [ '1.1.4' ],
397 silly audit   'combined-stream': [ '1.0.8' ],
397 silly audit   'concat-map': [ '0.0.1' ],
397 silly audit   concurrently: [ '8.2.2' ],
397 silly audit   'cross-spawn': [ '7.0.6' ],
397 silly audit   'data-view-buffer': [ '1.0.2' ],
397 silly audit   'data-view-byte-length': [ '1.0.2' ],
397 silly audit   'data-view-byte-offset': [ '1.0.1' ],
397 silly audit   'date-fns': [ '2.30.0' ],
397 silly audit   debug: [ '4.4.3' ],
397 silly audit   'deep-is': [ '0.1.4' ],
397 silly audit   'define-data-property': [ '1.1.4' ],
397 silly audit   'define-properties': [ '1.2.1' ],
397 silly audit   'delayed-stream': [ '1.0.0' ],
397 silly audit   doctrine: [ '3.0.0', '2.1.0' ],
397 silly audit   'dunder-proto': [ '1.0.1' ],
397 silly audit   'emoji-regex': [ '8.0.0' ],
397 silly audit   'engine.io-client': [ '6.6.4' ],
397 silly audit   'engine.io-parser': [ '5.2.3' ],
397 silly audit   'es-abstract': [ '1.24.2' ],
397 silly audit   'es-define-property': [ '1.0.1' ],
397 silly audit   'es-errors': [ '1.3.0' ],
397 silly audit   'es-iterator-helpers': [ '1.3.2' ],
397 silly audit   'es-object-atoms': [ '1.1.1' ],
397 silly audit   'es-set-tostringtag': [ '2.1.0' ],
397 silly audit   'es-shim-unscopables': [ '1.1.0' ],
397 silly audit   'es-to-primitive': [ '1.3.0' ],
397 silly audit   escalade: [ '3.2.0' ],
397 silly audit   'escape-string-regexp': [ '4.0.0' ],
397 silly audit   eslint: [ '8.57.1' ],
397 silly audit   'eslint-plugin-react': [ '7.37.5' ],
397 silly audit   'eslint-plugin-react-hooks': [ '4.6.2' ],
397 silly audit   'eslint-scope': [ '7.2.2' ],
397 silly audit   'eslint-visitor-keys': [ '3.4.3' ],
397 silly audit   espree: [ '9.6.1' ],
397 silly audit   esquery: [ '1.7.0' ],
397 silly audit   esrecurse: [ '4.3.0' ],
397 silly audit   estraverse: [ '5.3.0' ],
397 silly audit   esutils: [ '2.0.3' ],
397 silly audit   'fast-deep-equal': [ '3.1.3' ],
397 silly audit   'fast-json-stable-stringify': [ '2.1.0' ],
397 silly audit   'fast-levenshtein': [ '2.0.6' ],
397 silly audit   fastq: [ '1.20.1' ],
397 silly audit   'file-entry-cache': [ '6.0.1' ],
397 silly audit   'find-up': [ '5.0.0' ],
397 silly audit   'flat-cache': [ '3.2.0' ],
397 silly audit   flatted: [ '3.4.2' ],
397 silly audit   'follow-redirects': [ '1.15.11' ],
397 silly audit   'for-each': [ '0.3.5' ],
397 silly audit   'form-data': [ '4.0.5' ],
397 silly audit   'fs.realpath': [ '1.0.0' ],
397 silly audit   'function-bind': [ '1.1.2' ],
397 silly audit   'function.prototype.name': [ '1.1.8' ],
397 silly audit   'functions-have-names': [ '1.2.3' ],
397 silly audit   'generator-function': [ '2.0.1' ],
397 silly audit   'get-caller-file': [ '2.0.5' ],
397 silly audit   'get-intrinsic': [ '1.3.0' ],
397 silly audit   'get-proto': [ '1.0.1' ],
397 silly audit   'get-symbol-description': [ '1.1.0' ],
397 silly audit   glob: [ '7.2.3' ],
397 silly audit   'glob-parent': [ '6.0.2' ],
397 silly audit   globals: [ '13.24.0' ],
397 silly audit   globalthis: [ '1.0.4' ],
397 silly audit   gopd: [ '1.2.0' ],
397 silly audit   graphemer: [ '1.4.0' ],
397 silly audit   'has-bigints': [ '1.1.0' ],
397 silly audit   'has-flag': [ '4.0.0' ],
397 silly audit   'has-property-descriptors': [ '1.0.2' ],
397 silly audit   'has-proto': [ '1.2.0' ],
397 silly audit   'has-symbols': [ '1.1.0' ],
397 silly audit   'has-tostringtag': [ '1.0.2' ],
397 silly audit   hasown: [ '2.0.2' ],
397 silly audit   ignore: [ '5.3.2' ],
397 silly audit   'import-fresh': [ '3.3.1' ],
397 silly audit   imurmurhash: [ '0.1.4' ],
397 silly audit   inflight: [ '1.0.6' ],
397 silly audit   inherits: [ '2.0.4' ],
397 silly audit   'internal-slot': [ '1.1.0' ],
397 silly audit   'is-array-buffer': [ '3.0.5' ],
397 silly audit   'is-async-function': [ '2.1.1' ],
397 silly audit   'is-bigint': [ '1.1.0' ],
397 silly audit   'is-boolean-object': [ '1.2.2' ],
397 silly audit   'is-callable': [ '1.2.7' ],
397 silly audit   'is-core-module': [ '2.16.1' ],
397 silly audit   'is-data-view': [ '1.0.2' ],
397 silly audit   'is-date-object': [ '1.1.0' ],
397 silly audit   'is-extglob': [ '2.1.1' ],
397 silly audit   'is-finalizationregistry': [ '1.1.1' ],
397 silly audit   'is-fullwidth-code-point': [ '3.0.0' ],
397 silly audit   'is-generator-function': [ '1.1.2' ],
397 silly audit   'is-glob': [ '4.0.3' ],
397 silly audit   'is-map': [ '2.0.3' ],
397 silly audit   'is-negative-zero': [ '2.0.3' ],
397 silly audit   'is-number-object': [ '1.1.1' ],
397 silly audit   'is-path-inside': [ '3.0.3' ],
397 silly audit   'is-regex': [ '1.2.1' ],
397 silly audit   'is-set': [ '2.0.3' ],
397 silly audit   'is-shared-array-buffer': [ '1.0.4' ],
397 silly audit   'is-string': [ '1.1.1' ],
397 silly audit   'is-symbol': [ '1.1.1' ],
397 silly audit   'is-typed-array': [ '1.1.15' ],
397 silly audit   'is-weakmap': [ '2.0.2' ],
397 silly audit   'is-weakref': [ '1.1.1' ],
397 silly audit   'is-weakset': [ '2.0.4' ],
397 silly audit   isarray: [ '2.0.5' ],
397 silly audit   isexe: [ '2.0.0' ],
397 silly audit   'iterator.prototype': [ '1.1.5' ],
397 silly audit   'js-tokens': [ '4.0.0' ],
397 silly audit   'js-yaml': [ '4.1.1' ],
397 silly audit   'json-buffer': [ '3.0.1' ],
397 silly audit   'json-schema-traverse': [ '0.4.1' ],
397 silly audit   'json-stable-stringify-without-jsonify': [ '1.0.1' ],
397 silly audit   'jsx-ast-utils': [ '3.3.5' ],
397 silly audit   keyv: [ '4.5.4' ],
397 silly audit   leaflet: [ '1.9.4' ],
397 silly audit   levn: [ '0.4.1' ],
397 silly audit   'locate-path': [ '6.0.0' ],
397 silly audit   lodash: [ '4.18.1' ],
397 silly audit   'lodash.merge': [ '4.6.2' ],
397 silly audit   'loose-envify': [ '1.4.0' ],
397 silly audit   'math-intrinsics': [ '1.1.0' ],
397 silly audit   'mime-db': [ '1.52.0' ],
397 silly audit   'mime-types': [ '2.1.35' ],
397 silly audit   minimatch: [ '3.1.5' ],
397 silly audit   ms: [ '2.1.3' ],
397 silly audit   'natural-compare': [ '1.4.0' ],
397 silly audit   'node-exports-info': [ '1.6.0' ],
397 silly audit   'object-assign': [ '4.1.1' ],
397 silly audit   'object-inspect': [ '1.13.4' ],
397 silly audit   'object-keys': [ '1.1.1' ],
397 silly audit   'object.assign': [ '4.1.7' ],
397 silly audit   'object.entries': [ '1.1.9' ],
397 silly audit   'object.fromentries': [ '2.0.8' ],
397 silly audit   'object.values': [ '1.2.1' ],
397 silly audit   once: [ '1.4.0' ],
397 silly audit   optionator: [ '0.9.4' ],
397 silly audit   'own-keys': [ '1.0.1' ],
397 silly audit   'p-limit': [ '3.1.0' ],
397 silly audit   'p-locate': [ '5.0.0' ],
397 silly audit   'parent-module': [ '1.0.1' ],
397 silly audit   'path-exists': [ '4.0.0' ],
397 silly audit   'path-is-absolute': [ '1.0.1' ],
397 silly audit   'path-key': [ '3.1.1' ],
397 silly audit   'path-parse': [ '1.0.7' ],
397 silly audit   'possible-typed-array-names': [ '1.1.0' ],
397 silly audit   'prelude-ls': [ '1.2.1' ],
397 silly audit   'prop-types': [ '15.8.1' ],
397 silly audit   'proxy-from-env': [ '2.1.0' ],
397 silly audit   punycode: [ '2.3.1' ],
397 silly audit   'queue-microtask': [ '1.2.3' ],
397 silly audit   razorpay: [ '2.9.6' ],
397 silly audit   react: [ '18.3.1' ],
397 silly audit   'react-dom': [ '18.3.1' ],
397 silly audit   'react-is': [ '16.13.1' ],
397 silly audit   'react-leaflet': [ '4.2.1' ],
397 silly audit   'react-router': [ '6.30.3' ],
397 silly audit   'react-router-dom': [ '6.30.3' ],
397 silly audit   'reflect.getprototypeof': [ '1.0.10' ],
397 silly audit   'regexp.prototype.flags': [ '1.5.4' ],
397 silly audit   'require-directory': [ '2.1.1' ],
397 silly audit   resolve: [ '2.0.0-next.6' ],
397 silly audit   'resolve-from': [ '4.0.0' ],
397 silly audit   reusify: [ '1.1.0' ],
397 silly audit   rimraf: [ '3.0.2' ],
397 silly audit   'run-parallel': [ '1.2.0' ],
397 silly audit   rxjs: [ '7.8.2' ],
397 silly audit   'safe-array-concat': [ '1.1.3' ],
397 silly audit   'safe-push-apply': [ '1.0.0' ],
397 silly audit   'safe-regex-test': [ '1.1.0' ],
397 silly audit   scheduler: [ '0.23.2' ],
397 silly audit   semver: [ '6.3.1' ],
397 silly audit   'set-function-length': [ '1.2.2' ],
397 silly audit   'set-function-name': [ '2.0.2' ],
397 silly audit   'set-proto': [ '1.0.0' ],
397 silly audit   'shebang-command': [ '2.0.0' ],
397 silly audit   'shebang-regex': [ '3.0.0' ],
397 silly audit   'shell-quote': [ '1.8.3' ],
397 silly audit   'side-channel': [ '1.1.0' ],
397 silly audit   'side-channel-list': [ '1.0.1' ],
397 silly audit   'side-channel-map': [ '1.0.1' ],
397 silly audit   'side-channel-weakmap': [ '1.0.2' ],
397 silly audit   'socket.io-client': [ '4.8.3' ],
397 silly audit   'socket.io-parser': [ '4.2.6' ],
397 silly audit   'spawn-command': [ '0.0.2' ],
397 silly audit   'stop-iteration-iterator': [ '1.1.0' ],
397 silly audit   'string-width': [ '4.2.3' ],
397 silly audit   'string.prototype.matchall': [ '4.0.12' ],
397 silly audit   'string.prototype.repeat': [ '1.0.0' ],
397 silly audit   'string.prototype.trim': [ '1.2.10' ],
397 silly audit   'string.prototype.trimend': [ '1.0.9' ],
397 silly audit   'string.prototype.trimstart': [ '1.0.8' ],
397 silly audit   'strip-ansi': [ '6.0.1' ],
397 silly audit   'strip-json-comments': [ '3.1.1' ],
397 silly audit   'supports-preserve-symlinks-flag': [ '1.0.0' ],
397 silly audit   'text-table': [ '0.2.0' ],
397 silly audit   'tree-kill': [ '1.2.2' ],
397 silly audit   tslib: [ '2.8.1' ],
397 silly audit   'type-check': [ '0.4.0' ],
397 silly audit   'type-fest': [ '0.20.2' ],
397 silly audit   'typed-array-buffer': [ '1.0.3' ],
397 silly audit   'typed-array-byte-length': [ '1.0.3' ],
397 silly audit   'typed-array-byte-offset': [ '1.0.4' ],
397 silly audit   'typed-array-length': [ '1.0.7' ],
397 silly audit   'unbox-primitive': [ '1.1.0' ],
397 silly audit   'uri-js': [ '4.4.1' ],
397 silly audit   which: [ '2.0.2' ],
397 silly audit   'which-boxed-primitive': [ '1.1.1' ],
397 silly audit   'which-builtin-type': [ '1.2.1' ],
397 silly audit   'which-collection': [ '1.0.2' ],
397 silly audit   'which-typed-array': [ '1.1.20' ],
397 silly audit   'word-wrap': [ '1.2.5' ],
397 silly audit   'wrap-ansi': [ '7.0.0' ],
397 silly audit   wrappy: [ '1.0.2' ],
397 silly audit   ws: [ '8.18.3' ],
397 silly audit   'xmlhttprequest-ssl': [ '2.1.2' ],
397 silly audit   y18n: [ '5.0.8' ],
397 silly audit   yargs: [ '17.7.2' ],
397 silly audit   'yargs-parser': [ '21.1.1' ],
397 silly audit   'yocto-queue': [ '0.1.0' ],
397 silly audit   '@vitejs/plugin-react': [ '6.0.3' ],
397 silly audit   vite: [ '8.1.3' ],
397 silly audit   '@rolldown/pluginutils': [ '1.0.1' ],
397 silly audit   fsevents: [ '2.3.3' ],
397 silly audit   lightningcss: [ '1.32.0' ],
397 silly audit   picomatch: [ '4.0.5' ],
397 silly audit   postcss: [ '8.5.16' ],
397 silly audit   rolldown: [ '1.1.4' ],
397 silly audit   tinyglobby: [ '0.2.17' ],
397 silly audit   'detect-libc': [ '2.1.2' ],
397 silly audit   'lightningcss-android-arm64': [ '1.32.0' ],
397 silly audit   'lightningcss-darwin-arm64': [ '1.32.0' ],
397 silly audit   'lightningcss-darwin-x64': [ '1.32.0' ],
397 silly audit   'lightningcss-freebsd-x64': [ '1.32.0' ],
397 silly audit   'lightningcss-linux-arm-gnueabihf': [ '1.32.0' ],
397 silly audit   'lightningcss-linux-arm64-gnu': [ '1.32.0' ],
397 silly audit   'lightningcss-linux-arm64-musl': [ '1.32.0' ],
397 silly audit   'lightningcss-linux-x64-gnu': [ '1.32.0' ],
397 silly audit   'lightningcss-linux-x64-musl': [ '1.32.0' ],
397 silly audit   'lightningcss-win32-arm64-msvc': [ '1.32.0' ],
397 silly audit   'lightningcss-win32-x64-msvc': [ '1.32.0' ],
397 silly audit   nanoid: [ '3.3.15' ],
397 silly audit   picocolors: [ '1.1.1' ],
397 silly audit   'source-map-js': [ '1.2.1' ],
397 silly audit   '@oxc-project/types': [ '0.138.0' ],
397 silly audit   '@rolldown/binding-android-arm64': [ '1.1.4' ],
397 silly audit   '@rolldown/binding-darwin-arm64': [ '1.1.4' ],
397 silly audit   '@rolldown/binding-darwin-x64': [ '1.1.4' ],
397 silly audit   '@rolldown/binding-freebsd-x64': [ '1.1.4' ],
397 silly audit   '@rolldown/binding-linux-arm-gnueabihf': [ '1.1.4' ],
397 silly audit   '@rolldown/binding-linux-arm64-gnu': [ '1.1.4' ],
397 silly audit   '@rolldown/binding-linux-arm64-musl': [ '1.1.4' ],
397 silly audit   '@rolldown/binding-linux-ppc64-gnu': [ '1.1.4' ],
397 silly audit   '@rolldown/binding-linux-s390x-gnu': [ '1.1.4' ],
397 silly audit   '@rolldown/binding-linux-x64-gnu': [ '1.1.4' ],
397 silly audit   '@rolldown/binding-linux-x64-musl': [ '1.1.4' ],
397 silly audit   '@rolldown/binding-openharmony-arm64': [ '1.1.4' ],
397 silly audit   '@rolldown/binding-wasm32-wasi': [ '1.1.4' ],
397 silly audit   '@rolldown/binding-win32-arm64-msvc': [ '1.1.4' ],
397 silly audit   '@rolldown/binding-win32-x64-msvc': [ '1.1.4' ],
397 silly audit   '@napi-rs/wasm-runtime': [ '1.1.6' ],
397 silly audit   '@emnapi/wasi-threads': [ '1.2.2' ],
397 silly audit   '@tybys/wasm-util': [ '0.10.3' ],
397 silly audit   fdir: [ '6.5.0' ]
397 silly audit }
398 http cache fdir@https://registry.npmjs.org/fdir/-/fdir-6.5.0.tgz 0ms (cache hit)
399 http cache @emnapi/wasi-threads@https://registry.npmjs.org/@emnapi/wasi-threads/-/wasi-threads-1.2.2.tgz 0ms (cache hit)
400 http cache @rolldown/binding-win32-x64-msvc@https://registry.npmjs.org/@rolldown/binding-win32-x64-msvc/-/binding-win32-x64-msvc-1.1.4.tgz 0ms (cache hit)
401 http cache @oxc-project/types@https://registry.npmjs.org/@oxc-project/types/-/types-0.138.0.tgz 0ms (cache hit)
402 http cache lightningcss-win32-x64-msvc@https://registry.npmjs.org/lightningcss-win32-x64-msvc/-/lightningcss-win32-x64-msvc-1.32.0.tgz 0ms (cache hit)
403 http cache detect-libc@https://registry.npmjs.org/detect-libc/-/detect-libc-2.1.2.tgz 0ms (cache hit)
404 http cache rolldown@https://registry.npmjs.org/rolldown/-/rolldown-1.1.4.tgz 0ms (cache hit)
405 http cache tinyglobby@https://registry.npmjs.org/tinyglobby/-/tinyglobby-0.2.17.tgz 0ms (cache hit)
406 http cache picomatch@https://registry.npmjs.org/picomatch/-/picomatch-4.0.5.tgz 0ms (cache hit)
407 http cache lightningcss@https://registry.npmjs.org/lightningcss/-/lightningcss-1.32.0.tgz 1ms (cache hit)
408 http cache vite@https://registry.npmjs.org/vite/-/vite-8.1.3.tgz 0ms (cache hit)
409 http cache postcss@https://registry.npmjs.org/postcss/-/postcss-8.5.16.tgz 0ms (cache hit)
410 http cache @vitejs/plugin-react@https://registry.npmjs.org/@vitejs/plugin-react/-/plugin-react-6.0.3.tgz 0ms (cache hit)
411 silly tarball no local data for fdir@https://registry.npmjs.org/fdir/-/fdir-6.5.0.tgz. Extracting by manifest.
412 silly tarball no local data for @emnapi/wasi-threads@https://registry.npmjs.org/@emnapi/wasi-threads/-/wasi-threads-1.2.2.tgz. Extracting by manifest.
413 silly tarball no local data for @rolldown/binding-win32-x64-msvc@https://registry.npmjs.org/@rolldown/binding-win32-x64-msvc/-/binding-win32-x64-msvc-1.1.4.tgz. Extracting by manifest.
414 silly tarball no local data for @oxc-project/types@https://registry.npmjs.org/@oxc-project/types/-/types-0.138.0.tgz. Extracting by manifest.
415 http cache nanoid@https://registry.npmjs.org/nanoid/-/nanoid-3.3.15.tgz 0ms (cache hit)
416 silly tarball no local data for lightningcss-win32-x64-msvc@https://registry.npmjs.org/lightningcss-win32-x64-msvc/-/lightningcss-win32-x64-msvc-1.32.0.tgz. Extracting by manifest.
417 silly tarball no local data for detect-libc@https://registry.npmjs.org/detect-libc/-/detect-libc-2.1.2.tgz. Extracting by manifest.
418 silly tarball no local data for rolldown@https://registry.npmjs.org/rolldown/-/rolldown-1.1.4.tgz. Extracting by manifest.
419 silly tarball no local data for tinyglobby@https://registry.npmjs.org/tinyglobby/-/tinyglobby-0.2.17.tgz. Extracting by manifest.
420 http cache @rolldown/pluginutils@https://registry.npmjs.org/@rolldown/pluginutils/-/pluginutils-1.0.1.tgz 0ms (cache hit)
421 silly tarball no local data for picomatch@https://registry.npmjs.org/picomatch/-/picomatch-4.0.5.tgz. Extracting by manifest.
422 silly tarball no local data for lightningcss@https://registry.npmjs.org/lightningcss/-/lightningcss-1.32.0.tgz. Extracting by manifest.
423 silly tarball no local data for vite@https://registry.npmjs.org/vite/-/vite-8.1.3.tgz. Extracting by manifest.
424 silly tarball no local data for postcss@https://registry.npmjs.org/postcss/-/postcss-8.5.16.tgz. Extracting by manifest.
425 silly tarball no local data for @vitejs/plugin-react@https://registry.npmjs.org/@vitejs/plugin-react/-/plugin-react-6.0.3.tgz. Extracting by manifest.
426 silly tarball no local data for nanoid@https://registry.npmjs.org/nanoid/-/nanoid-3.3.15.tgz. Extracting by manifest.
427 silly tarball no local data for @rolldown/pluginutils@https://registry.npmjs.org/@rolldown/pluginutils/-/pluginutils-1.0.1.tgz. Extracting by manifest.
428 http fetch POST 200 https://registry.npmjs.org/-/npm/v1/security/advisories/bulk 421ms
429 silly audit report {
429 silly audit report   axios: [
429 silly audit report     {
429 silly audit report       id: 1118607,
429 silly audit report       url: 'https://github.com/advisories/GHSA-q8qp-cvcw-x6jj',
429 silly audit report       title: 'Axios has prototype pollution read-side gadgets in HTTP adapter that allow credential injection and request hijacking',
429 silly audit report       severity: 'high',
429 silly audit report       vulnerable_versions: '>=1.0.0 <1.15.2',
429 silly audit report       cwe: [Array],
429 silly audit report       cvss: [Object]
429 silly audit report     },
429 silly audit report     {
429 silly audit report       id: 1119667,
429 silly audit report       url: 'https://github.com/advisories/GHSA-pjwm-pj3p-43mv',
429 silly audit report       title: "axios's shouldBypassProxy does not recognize IPv4-mapped IPv6 addresses, allowing NO_PROXY bypass (incomplete fix for CVE-2025-62718)",
429 silly audit report       severity: 'high',
429 silly audit report       vulnerable_versions: '>=1.0.0 <1.16.0',
429 silly audit report       cwe: [Array],
429 silly audit report       cvss: [Object]
429 silly audit report     },
429 silly audit report     {
429 silly audit report       id: 1120125,
429 silly audit report       url: 'https://github.com/advisories/GHSA-62hf-57xw-28j9',
429 silly audit report       title: 'Axios: unbounded recursion in toFormData causes DoS via deeply nested request data',
429 silly audit report       severity: 'moderate',
429 silly audit report       vulnerable_versions: '>=1.0.0 <1.15.1',
429 silly audit report       cwe: [Array],
429 silly audit report       cvss: [Object]
429 silly audit report     },
429 silly audit report     {
429 silly audit report       id: 1120547,
429 silly audit report       url: 'https://github.com/advisories/GHSA-hfxv-24rg-xrqf',
429 silly audit report       title: 'Axios: Regular Expression Denial of Service (ReDoS) via Cookie Name Injection',
429 silly audit report       severity: 'high',
429 silly audit report       vulnerable_versions: '>=1.0.0 <1.16.0',
429 silly audit report       cwe: [Array],
429 silly audit report       cvss: [Object]
429 silly audit report     },
429 silly audit report     {
429 silly audit report       id: 1120643,
429 silly audit report       url: 'https://github.com/advisories/GHSA-777c-7fjr-54vf',
429 silly audit report       title: 'Allocation of Resources Without Limits or Throttling in Axios',
429 silly audit report       severity: 'high',
429 silly audit report       vulnerable_versions: '>=1.7.0 <1.16.0',
429 silly audit report       cwe: [Array],
429 silly audit report       cvss: [Object]
429 silly audit report     },
429 silly audit report     {
429 silly audit report       id: 1120645,
429 silly audit report       url: 'https://github.com/advisories/GHSA-p92q-9vqr-4j8v',
429 silly audit report       title: 'Axios: Proxy-Authorization Credential Leak to Origin Server Across HTTP-to-HTTPS Redirect in Axios Node.js HTTP Adapter',
429 silly audit report       severity: 'high',
429 silly audit report       vulnerable_versions: '>=1.0.0 <1.16.0',
429 silly audit report       cwe: [Array],
429 silly audit report       cvss: [Object]
429 silly audit report     },
429 silly audit report     {
429 silly audit report       id: 1120647,
429 silly audit report       url: 'https://github.com/advisories/GHSA-j5f8-grm9-p9fc',
429 silly audit report       title: 'Axios: Proxy-Authorization header leaks to redirect target when proxy is re-evaluated to direct connection',
429 silly audit report       severity: 'high',
429 silly audit report       vulnerable_versions: '>=1.0.0 <1.16.0',
429 silly audit report       cwe: [Array],
429 silly audit report       cvss: [Object]
429 silly audit report     },
429 silly audit report     {
429 silly audit report       id: 1120649,
429 silly audit report       url: 'https://github.com/advisories/GHSA-3g43-6gmg-66jw',
429 silly audit report       title: 'axios Vulnerable to Credential Theft and Response Hijacking via Prototype Pollution Gadget in Config Merge',
429 silly audit report       severity: 'high',
429 silly audit report       vulnerable_versions: '>=1.0.0 <1.15.2',
429 silly audit report       cwe: [Array],
429 silly audit report       cvss: [Object]
429 silly audit report     },
429 silly audit report     {
429 silly audit report       id: 1120650,
429 silly audit report       url: 'https://github.com/advisories/GHSA-35jp-ww65-95wh',
429 silly audit report       title: 'axios Vulnerable to Full Man-in-the-Middle via Prototype Pollution Gadget in `config.proxy`',
429 silly audit report       severity: 'high',
429 silly audit report       vulnerable_versions: '>=1.0.0 <1.16.0',
429 silly audit report       cwe: [Array],
429 silly audit report       cvss: [Object]
429 silly audit report     },
429 silly audit report     {
429 silly audit report       id: 1120652,
429 silly audit report       url: 'https://github.com/advisories/GHSA-898c-q2cr-xwhg',
429 silly audit report       title: 'axios has DoS & Header Injection via Prototype Pollution Read-Side Gadgets in axios merge functions',
429 silly audit report       severity: 'moderate',
429 silly audit report       vulnerable_versions: '>=1.0.0 <1.16.0',
429 silly audit report       cwe: [Array],
429 silly audit report       cvss: [Object]
429 silly audit report     },
429 silly audit report     {
429 silly audit report       id: 1117574,
429 silly audit report       url: 'https://github.com/advisories/GHSA-w9j2-pvgh-6h63',
429 silly audit report       title: 'Axios: Authentication Bypass via Prototype Pollution Gadget in `validateStatus` Merge Strategy',
429 silly audit report       severity: 'moderate',
429 silly audit report       vulnerable_versions: '>=1.0.0 <1.15.1',
429 silly audit report       cwe: [Array],
429 silly audit report       cvss: [Object]
429 silly audit report     },
429 silly audit report     {
429 silly audit report       id: 1117576,
429 silly audit report       url: 'https://github.com/advisories/GHSA-pmwg-cvhr-8vh7',
429 silly audit report       title: 'Axios: Incomplete Fix for CVE-2025-62718 — NO_PROXY Protection Bypassed via RFC 1122 Loopback Subnet (127.0.0.0/8) in Axios 1.15.0',
429 silly audit report       severity: 'high',
429 silly audit report       vulnerable_versions: '>=1.0.0 <1.15.1',
429 silly audit report       cwe: [Array],
429 silly audit report       cvss: [Object]
429 silly audit report     },
429 silly audit report     {
429 silly audit report       id: 1117577,
429 silly audit report       url: 'https://github.com/advisories/GHSA-3w6x-2g7m-8v23',
429 silly audit report       title: 'Axios: Invisible JSON Response Tampering via Prototype Pollution Gadget in `parseReviver`',
429 silly audit report       severity: 'moderate',
429 silly audit report       vulnerable_versions: '>=1.0.0 <1.15.2',
429 silly audit report       cwe: [Array],
429 silly audit report       cvss: [Object]
429 silly audit report     },
429 silly audit report     {
429 silly audit report       id: 1117580,
429 silly audit report       url: 'https://github.com/advisories/GHSA-xhjh-pmcv-23jw',
429 silly audit report       title: 'Axios: Null Byte Injection via Reverse-Encoding in AxiosURLSearchParams',
429 silly audit report       severity: 'low',
429 silly audit report       vulnerable_versions: '>=1.0.0 <1.15.1',
429 silly audit report       cwe: [Array],
429 silly audit report       cvss: [Object]
429 silly audit report     },
429 silly audit report     {
429 silly audit report       id: 1117581,
429 silly audit report       url: 'https://github.com/advisories/GHSA-445q-vr5w-6q77',
429 silly audit report       title: 'Axios: CRLF Injection in multipart/form-data body via unsanitized blob.type in formDataToStream',
429 silly audit report       severity: 'moderate',
429 silly audit report       vulnerable_versions: '>=1.0.0 <1.15.1',
429 silly audit report       cwe: [Array],
429 silly audit report       cvss: [Object]
429 silly audit report     },
429 silly audit report     {
429 silly audit report       id: 1117583,
429 silly audit report       url: 'https://github.com/advisories/GHSA-m7pr-hjqh-92cm',
429 silly audit report       title: 'Axios: no_proxy bypass via IP alias allows SSRF',
429 silly audit report       severity: 'moderate',
429 silly audit report       vulnerable_versions: '>=1.0.0 <1.15.1',
429 silly audit report       cwe: [Array],
429 silly audit report       cvss: [Object]
429 silly audit report     },
429 silly audit report     {
429 silly audit report       id: 1117587,
429 silly audit report       url: 'https://github.com/advisories/GHSA-5c9x-8gcm-mpgx',
429 silly audit report       title: "Axios' HTTP adapter-streamed uploads bypass maxBodyLength when maxRedirects: 0",
429 silly audit report       severity: 'moderate',
429 silly audit report       vulnerable_versions: '>=1.0.0 <1.15.1',
429 silly audit report       cwe: [Array],
429 silly audit report       cvss: [Object]
429 silly audit report     },
429 silly audit report     {
429 silly audit report       id: 1117589,
429 silly audit report       url: 'https://github.com/advisories/GHSA-vf2m-468p-8v99',
429 silly audit report       title: 'Axios: HTTP adapter streamed responses bypass maxContentLength',
429 silly audit report       severity: 'moderate',
429 silly audit report       vulnerable_versions: '>=1.0.0 <1.15.1',
429 silly audit report       cwe: [Array],
429 silly audit report       cvss: [Object]
429 silly audit report     },
429 silly audit report     {
429 silly audit report       id: 1117591,
429 silly audit report       url: 'https://github.com/advisories/GHSA-pf86-5x62-jrwf',
429 silly audit report       title: 'Axios: Prototype Pollution Gadgets - Response Tampering, Data Exfiltration, and Request Hijacking',
429 silly audit report       severity: 'high',
429 silly audit report       vulnerable_versions: '>=1.0.0 <1.15.1',
429 silly audit report       cwe: [Array],
429 silly audit report       cvss: [Object]
429 silly audit report     },
429 silly audit report     {
429 silly audit report       id: 1117593,
429 silly audit report       url: 'https://github.com/advisories/GHSA-6chq-wfr3-2hj9',
429 silly audit report       title: 'Axios: Header Injection via Prototype Pollution',
429 silly audit report       severity: 'high',
429 silly audit report       vulnerable_versions: '>=1.0.0 <1.15.1',
429 silly audit report       cwe: [Array],
429 silly audit report       cvss: [Object]
429 silly audit report     },
429 silly audit report     {
429 silly audit report       id: 1117595,
429 silly audit report       url: 'https://github.com/advisories/GHSA-xx6v-rp6x-q39c',
429 silly audit report       title: 'Axios: XSRF Token Cross-Origin Leakage via Prototype Pollution Gadget in `withXSRFToken` Boolean Coercion',
429 silly audit report       severity: 'moderate',
429 silly audit report       vulnerable_versions: '>=1.0.0 <1.15.1',
429 silly audit report       cwe: [Array],
429 silly audit report       cvss: [Object]
429 silly audit report     }
429 silly audit report   ],
429 silly audit report   'follow-redirects': [
429 silly audit report     {
429 silly audit report       id: 1116560,
429 silly audit report       url: 'https://github.com/advisories/GHSA-r4q5-vmmm-2653',
429 silly audit report       title: 'follow-redirects leaks Custom Authentication Headers to Cross-Domain Redirect Targets',
429 silly audit report       severity: 'moderate',
429 silly audit report       vulnerable_versions: '<=1.15.11',
429 silly audit report       cwe: [Array],
429 silly audit report       cvss: [Object]
429 silly audit report     }
429 silly audit report   ],
429 silly audit report   'form-data': [
429 silly audit report     {
429 silly audit report       id: 1120743,
429 silly audit report       url: 'https://github.com/advisories/GHSA-hmw2-7cc7-3qxx',
429 silly audit report       title: 'form-data: CRLF injection in form-data via unescaped multipart field names and filenames',
429 silly audit report       severity: 'high',
429 silly audit report       vulnerable_versions: '>=4.0.0 <4.0.6',
429 silly audit report       cwe: [Array],
429 silly audit report       cvss: [Object]
429 silly audit report     }
429 silly audit report   ],
429 silly audit report   'js-yaml': [
429 silly audit report     {
429 silly audit report       id: 1121860,
429 silly audit report       url: 'https://github.com/advisories/GHSA-h67p-54hq-rp68',
429 silly audit report       title: 'JS-YAML: Quadratic-complexity DoS in merge key handling via repeated aliases',
429 silly audit report       severity: 'moderate',
429 silly audit report       vulnerable_versions: '>=4.0.0 <=4.1.1',
429 silly audit report       cwe: [Array],
429 silly audit report       cvss: [Object]
429 silly audit report     }
429 silly audit report   ],
429 silly audit report   'react-router': [
429 silly audit report     {
429 silly audit report       id: 1120064,
429 silly audit report       url: 'https://github.com/advisories/GHSA-2j2x-hqr9-3h42',
429 silly audit report       title: "React Router's same-origin redirect with path starting // causes open redirect via protocol-relative URL reinterpretation",
429 silly audit report       severity: 'moderate',
429 silly audit report       vulnerable_versions: '>=6.7.0 <6.30.4',
429 silly audit report       cwe: [Array],
429 silly audit report       cvss: [Object]
429 silly audit report     }
429 silly audit report   ],
429 silly audit report   'shell-quote': [
429 silly audit report     {
429 silly audit report       id: 1120422,
429 silly audit report       url: 'https://github.com/advisories/GHSA-w7jw-789q-3m8p',
429 silly audit report       title: 'shell-quote quote() does not escape newlines in object .op values',
429 silly audit report       severity: 'critical',
429 silly audit report       vulnerable_versions: '>=1.1.0 <=1.8.3',
429 silly audit report       cwe: [Array],
429 silly audit report       cvss: [Object]
429 silly audit report     }
429 silly audit report   ],
429 silly audit report   ws: [
429 silly audit report     {
429 silly audit report       id: 1119108,
429 silly audit report       url: 'https://github.com/advisories/GHSA-58qx-3vcg-4xpx',
429 silly audit report       title: 'ws: Uninitialized memory disclosure',
429 silly audit report       severity: 'moderate',
429 silly audit report       vulnerable_versions: '>=8.0.0 <8.20.1',
429 silly audit report       cwe: [Array],
429 silly audit report       cvss: [Object]
429 silly audit report     },
429 silly audit report     {
429 silly audit report       id: 1120730,
429 silly audit report       url: 'https://github.com/advisories/GHSA-96hv-2xvq-fx4p',
429 silly audit report       title: 'ws: Memory exhaustion DoS from tiny fragments and data chunks',
429 silly audit report       severity: 'high',
429 silly audit report       vulnerable_versions: '>=8.0.0 <8.21.0',
429 silly audit report       cwe: [Array],
429 silly audit report       cvss: [Object]
429 silly audit report     }
429 silly audit report   ]
429 silly audit report }
430 silly packumentCache corgi:https://registry.npmjs.org/axios cache-miss
431 silly packumentCache corgi:https://registry.npmjs.org/follow-redirects cache-miss
432 silly packumentCache corgi:https://registry.npmjs.org/form-data cache-miss
433 silly packumentCache corgi:https://registry.npmjs.org/js-yaml cache-miss
434 silly packumentCache corgi:https://registry.npmjs.org/react-router cache-miss
435 silly packumentCache corgi:https://registry.npmjs.org/shell-quote cache-miss
436 silly packumentCache corgi:https://registry.npmjs.org/ws cache-miss
437 http fetch GET 200 https://registry.npmjs.org/detect-libc/-/detect-libc-2.1.2.tgz 665ms (cache miss)
438 http fetch GET 200 https://registry.npmjs.org/fdir/-/fdir-6.5.0.tgz 696ms (cache miss)
439 http fetch GET 200 https://registry.npmjs.org/@rolldown/pluginutils/-/pluginutils-1.0.1.tgz 721ms (cache miss)
440 http fetch GET 200 https://registry.npmjs.org/@oxc-project/types/-/types-0.138.0.tgz 780ms (cache miss)
441 http fetch GET 200 https://registry.npmjs.org/form-data 526ms (cache miss)
442 silly packumentCache corgi:https://registry.npmjs.org/form-data set size:undefined disposed:false
443 http fetch GET 200 https://registry.npmjs.org/js-yaml 555ms (cache miss)
444 silly packumentCache corgi:https://registry.npmjs.org/js-yaml set size:undefined disposed:false
445 http fetch GET 200 https://registry.npmjs.org/follow-redirects 584ms (cache miss)
446 silly packumentCache corgi:https://registry.npmjs.org/follow-redirects set size:undefined disposed:false
447 http fetch GET 200 https://registry.npmjs.org/shell-quote 666ms (cache miss)
448 silly packumentCache corgi:https://registry.npmjs.org/shell-quote set size:undefined disposed:false
449 http fetch GET 200 https://registry.npmjs.org/tinyglobby/-/tinyglobby-0.2.17.tgz 1161ms (cache miss)
450 http fetch GET 200 https://registry.npmjs.org/axios 775ms (cache miss)
451 silly packumentCache corgi:https://registry.npmjs.org/axios set size:undefined disposed:false
452 http fetch GET 200 https://registry.npmjs.org/@vitejs/plugin-react/-/plugin-react-6.0.3.tgz 1747ms (cache miss)
453 http fetch GET 200 https://registry.npmjs.org/ws 1411ms (cache miss)
454 silly packumentCache corgi:https://registry.npmjs.org/ws set size:undefined disposed:false
455 http fetch GET 200 https://registry.npmjs.org/picomatch/-/picomatch-4.0.5.tgz 1995ms (cache miss)
456 http fetch GET 200 https://registry.npmjs.org/@emnapi/wasi-threads/-/wasi-threads-1.2.2.tgz 2061ms (cache miss)
457 http fetch GET 200 https://registry.npmjs.org/react-router 1717ms (cache miss)
458 silly packumentCache corgi:https://registry.npmjs.org/react-router set size:undefined disposed:false
459 http fetch GET 200 https://registry.npmjs.org/nanoid/-/nanoid-3.3.15.tgz 2465ms (cache miss)
460 silly packumentCache corgi:https://registry.npmjs.org/razorpay cache-miss
461 http fetch GET 200 https://registry.npmjs.org/lightningcss/-/lightningcss-1.32.0.tgz 2580ms (cache miss)
462 http fetch GET 200 https://registry.npmjs.org/razorpay 506ms (cache miss)
463 silly packumentCache corgi:https://registry.npmjs.org/razorpay set size:undefined disposed:false
464 silly packumentCache corgi:https://registry.npmjs.org/@eslint%2feslintrc cache-miss
465 silly packumentCache corgi:https://registry.npmjs.org/eslint cache-miss
466 http fetch GET 200 https://registry.npmjs.org/postcss/-/postcss-8.5.16.tgz 3488ms (cache miss)
467 http fetch GET 200 https://registry.npmjs.org/@eslint%2feslintrc 381ms (cache miss)
468 silly packumentCache corgi:https://registry.npmjs.org/@eslint%2feslintrc set size:undefined disposed:false
469 http fetch GET 200 https://registry.npmjs.org/rolldown/-/rolldown-1.1.4.tgz 3651ms (cache miss)
470 http fetch GET 200 https://registry.npmjs.org/vite/-/vite-8.1.3.tgz 3701ms (cache miss)
471 http fetch GET 200 https://registry.npmjs.org/eslint 694ms (cache miss)
472 silly packumentCache corgi:https://registry.npmjs.org/eslint set size:undefined disposed:false
473 silly packumentCache corgi:https://registry.npmjs.org/react-router-dom cache-miss
474 http fetch GET 200 https://registry.npmjs.org/react-router-dom 372ms (cache miss)
475 silly packumentCache corgi:https://registry.npmjs.org/react-router-dom set size:undefined disposed:false
476 silly packumentCache corgi:https://registry.npmjs.org/concurrently cache-miss
477 http fetch GET 200 https://registry.npmjs.org/concurrently 275ms (cache miss)
478 silly packumentCache corgi:https://registry.npmjs.org/concurrently set size:undefined disposed:false
479 http fetch GET 200 https://registry.npmjs.org/lightningcss-win32-x64-msvc/-/lightningcss-win32-x64-msvc-1.32.0.tgz 10179ms (cache miss)
480 silly packumentCache corgi:https://registry.npmjs.org/engine.io-client cache-miss
481 http fetch GET 200 https://registry.npmjs.org/engine.io-client 183ms (cache miss)
482 silly packumentCache corgi:https://registry.npmjs.org/engine.io-client set size:undefined disposed:false
483 silly packumentCache corgi:https://registry.npmjs.org/socket.io-client cache-miss
484 http fetch GET 200 https://registry.npmjs.org/@rolldown/binding-win32-x64-msvc/-/binding-win32-x64-msvc-1.1.4.tgz 10669ms (cache miss)
485 http fetch GET 200 https://registry.npmjs.org/socket.io-client 1297ms (cache miss)
486 silly packumentCache corgi:https://registry.npmjs.org/socket.io-client set size:undefined disposed:false
487 silly ADD node_modules/fdir
488 silly ADD node_modules/@emnapi/wasi-threads
489 silly ADD node_modules/@rolldown/binding-win32-x64-msvc
490 silly ADD node_modules/@oxc-project/types
491 silly ADD node_modules/lightningcss-win32-x64-msvc
492 silly ADD node_modules/detect-libc
493 silly ADD node_modules/tinyglobby
494 silly ADD node_modules/rolldown
495 silly ADD node_modules/picomatch
496 silly ADD node_modules/lightningcss
497 silly REMOVE node_modules/yallist
498 silly CHANGE node_modules/vite
499 silly REMOVE node_modules/update-browserslist-db
500 silly REMOVE node_modules/rollup
501 silly REMOVE node_modules/react-refresh
502 silly CHANGE node_modules/postcss
503 silly REMOVE node_modules/node-releases
504 silly CHANGE node_modules/nanoid
505 silly REMOVE node_modules/lru-cache
506 silly REMOVE node_modules/json5
507 silly REMOVE node_modules/jsesc
508 silly REMOVE node_modules/gensync
509 silly REMOVE node_modules/esbuild
510 silly REMOVE node_modules/electron-to-chromium
511 silly REMOVE node_modules/convert-source-map
512 silly REMOVE node_modules/caniuse-lite
513 silly REMOVE node_modules/browserslist
514 silly REMOVE node_modules/baseline-browser-mapping
515 silly CHANGE node_modules/@vitejs/plugin-react
516 silly REMOVE node_modules/@types/estree
517 silly REMOVE node_modules/@types/babel__traverse
518 silly REMOVE node_modules/@types/babel__template
519 silly REMOVE node_modules/@types/babel__generator
520 silly REMOVE node_modules/@types/babel__core
521 silly REMOVE node_modules/@rollup/rollup-win32-x64-msvc
522 silly REMOVE node_modules/@rollup/rollup-win32-x64-gnu
523 silly CHANGE node_modules/@rolldown/pluginutils
524 silly REMOVE node_modules/@jridgewell/trace-mapping
525 silly REMOVE node_modules/@jridgewell/sourcemap-codec
526 silly REMOVE node_modules/@jridgewell/resolve-uri
527 silly REMOVE node_modules/@jridgewell/remapping
528 silly REMOVE node_modules/@jridgewell/gen-mapping
529 silly REMOVE node_modules/@esbuild/win32-x64
530 silly REMOVE node_modules/@babel/types
531 silly REMOVE node_modules/@babel/traverse
532 silly REMOVE node_modules/@babel/template
533 silly REMOVE node_modules/@babel/plugin-transform-react-jsx-source
534 silly REMOVE node_modules/@babel/plugin-transform-react-jsx-self
535 silly REMOVE node_modules/@babel/parser
536 silly REMOVE node_modules/@babel/helpers
537 silly REMOVE node_modules/@babel/helper-validator-option
538 silly REMOVE node_modules/@babel/helper-validator-identifier
539 silly REMOVE node_modules/@babel/helper-string-parser
540 silly REMOVE node_modules/@babel/helper-plugin-utils
541 silly REMOVE node_modules/@babel/helper-module-transforms
542 silly REMOVE node_modules/@babel/helper-module-imports
543 silly REMOVE node_modules/@babel/helper-globals
544 silly REMOVE node_modules/@babel/helper-compilation-targets
545 silly REMOVE node_modules/@babel/generator
546 silly REMOVE node_modules/@babel/core
547 silly REMOVE node_modules/@babel/compat-data
548 silly REMOVE node_modules/@babel/code-frame
549 verbose cwd C:\Users\CodexSandboxOnline\.codex\.sandbox\cwd\ab3cfb7158f0b281
550 verbose os Windows_NT 10.0.26200
551 verbose node v24.12.0
552 verbose npm  v11.6.2
553 notice
553 notice New minor version of npm available! 11.6.2 -> 11.18.0
553 notice Changelog: https://github.com/npm/cli/releases/tag/v11.18.0
553 notice To update run: npm install -g npm@11.18.0
553 notice  { force: true, Symbol(proc-log.meta): true }
554 verbose exit 0
555 info ok
